0 verbose cli /usr/bin/node /usr/bin/npm
1 info using npm@9.2.0
2 info using node@v18.19.1
3 timing npm:load:whichnode Completed in 1ms
4 timing config:load:defaults Completed in 4ms
5 timing config:load:file:/usr/share/nodejs/npm/npmrc Completed in 4ms
6 timing config:load:builtin Completed in 5ms
7 timing config:load:cli Completed in 3ms
8 timing config:load:env Completed in 1ms
9 timing config:load:file:/home/aremzy03/Document/cursor_projects/incel_apps/incel_esign_app/incel-e-sign-web-app-front-end/.npmrc Completed in 1ms
10 timing config:load:project Completed in 6ms
11 timing config:load:file:/home/aremzy03/.npmrc Completed in 0ms
12 timing config:load:user Completed in 1ms
13 timing config:load:file:/etc/npmrc Completed in 0ms
14 timing config:load:global Completed in 1ms
15 timing config:load:setEnvs Completed in 3ms
16 timing config:load Completed in 25ms
17 timing npm:load:configload Completed in 25ms
18 timing npm:load:mkdirpcache Completed in 3ms
19 timing npm:load:mkdirplogs Completed in 3ms
20 verbose title npm ci
21 verbose argv "ci" "--no-audit" "--no-fund" "--prefer-offline" "false" "--cache" ".npm-cache"
22 timing npm:load:setTitle Completed in 2ms
23 timing config:load:flatten Completed in 5ms
24 timing npm:load:display Completed in 7ms
25 verbose logfile logs-max:10 dir:/home/aremzy03/Document/cursor_projects/incel_apps/incel_esign_app/incel-e-sign-web-app-front-end/.npm-cache/_logs/2025-09-30T11_09_51_373Z-
26 verbose logfile /home/aremzy03/Document/cursor_projects/incel_apps/incel_esign_app/incel-e-sign-web-app-front-end/.npm-cache/_logs/2025-09-30T11_09_51_373Z-debug-0.log
27 timing npm:load:logFile Completed in 10ms
28 timing npm:load:timers Completed in 0ms
29 timing npm:load:configScope Completed in 0ms
30 timing npm:load Completed in 52ms
31 silly logfile done cleaning log files
32 timing config:load:flatten Completed in 0ms
33 timing arborist:ctor Completed in 1ms
34 timing idealTree:init Completed in 5ms
35 timing idealTree:userRequests Completed in 0ms
36 silly idealTree buildDeps
37 timing idealTree:#root Completed in 1ms
38 timing idealTree:buildDeps Completed in 2ms
39 timing idealTree:fixDepFlags Completed in 0ms
40 warn EBADENGINE Unsupported engine {
40 warn EBADENGINE   package: 'pdfjs-dist@5.3.93',
40 warn EBADENGINE   required: { node: '>=20.16.0 || >=22.3.0' },
40 warn EBADENGINE   current: { node: 'v18.19.1', npm: '9.2.0' }
40 warn EBADENGINE }
41 timing idealTree Completed in 32ms
42 timing npm-ci:rm Completed in 1ms
43 timing reify:loadTrees Completed in 6ms
44 timing reify:diffTrees Completed in 12ms
45 silly reify moves {}
46 timing reify:retireShallow Completed in 1ms
47 timing reify:createSparse Completed in 353ms
48 timing reify:loadBundles Completed in 0ms
49 verbose reify failed optional dependency /home/aremzy03/Document/cursor_projects/incel_apps/incel_esign_app/incel-e-sign-web-app-front-end/node_modules/fsevents
50 silly reify mark deleted [
50 silly reify   '/home/aremzy03/Document/cursor_projects/incel_apps/incel_esign_app/incel-e-sign-web-app-front-end/node_modules/fsevents'
50 silly reify ]
51 verbose reify failed optional dependency /home/aremzy03/Document/cursor_projects/incel_apps/incel_esign_app/incel-e-sign-web-app-front-end/node_modules/@unrs/resolver-binding-win32-x64-msvc
52 silly reify mark deleted [
52 silly reify   '/home/aremzy03/Document/cursor_projects/incel_apps/incel_esign_app/incel-e-sign-web-app-front-end/node_modules/@unrs/resolver-binding-win32-x64-msvc'
52 silly reify ]
53 verbose reify failed optional dependency /home/aremzy03/Document/cursor_projects/incel_apps/incel_esign_app/incel-e-sign-web-app-front-end/node_modules/@unrs/resolver-binding-win32-ia32-msvc
54 silly reify mark deleted [
54 silly reify   '/home/aremzy03/Document/cursor_projects/incel_apps/incel_esign_app/incel-e-sign-web-app-front-end/node_modules/@unrs/resolver-binding-win32-ia32-msvc'
54 silly reify ]
55 verbose reify failed optional dependency /home/aremzy03/Document/cursor_projects/incel_apps/incel_esign_app/incel-e-sign-web-app-front-end/node_modules/@unrs/resolver-binding-win32-arm64-msvc
56 silly reify mark deleted [
56 silly reify   '/home/aremzy03/Document/cursor_projects/incel_apps/incel_esign_app/incel-e-sign-web-app-front-end/node_modules/@unrs/resolver-binding-win32-arm64-msvc'
56 silly reify ]
57 verbose reify failed optional dependency /home/aremzy03/Document/cursor_projects/incel_apps/incel_esign_app/incel-e-sign-web-app-front-end/node_modules/@unrs/resolver-binding-wasm32-wasi
58 silly reify mark deleted [
58 silly reify   '/home/aremzy03/Document/cursor_projects/incel_apps/incel_esign_app/incel-e-sign-web-app-front-end/node_modules/@unrs/resolver-binding-wasm32-wasi'
58 silly reify ]
59 verbose reify failed optional dependency /home/aremzy03/Document/cursor_projects/incel_apps/incel_esign_app/incel-e-sign-web-app-front-end/node_modules/@napi-rs/wasm-runtime
60 silly reify mark deleted [
60 silly reify   '/home/aremzy03/Document/cursor_projects/incel_apps/incel_esign_app/incel-e-sign-web-app-front-end/node_modules/@napi-rs/wasm-runtime'
60 silly reify ]
61 verbose reify failed optional dependency /home/aremzy03/Document/cursor_projects/incel_apps/incel_esign_app/incel-e-sign-web-app-front-end/node_modules/@emnapi/core
62 silly reify mark deleted [
62 silly reify   '/home/aremzy03/Document/cursor_projects/incel_apps/incel_esign_app/incel-e-sign-web-app-front-end/node_modules/@emnapi/core'
62 silly reify ]
63 verbose reify failed optional dependency /home/aremzy03/Document/cursor_projects/incel_apps/incel_esign_app/incel-e-sign-web-app-front-end/node_modules/@emnapi/runtime
64 silly reify mark deleted [
64 silly reify   '/home/aremzy03/Document/cursor_projects/incel_apps/incel_esign_app/incel-e-sign-web-app-front-end/node_modules/@emnapi/runtime'
64 silly reify ]
65 verbose reify failed optional dependency /home/aremzy03/Document/cursor_projects/incel_apps/incel_esign_app/incel-e-sign-web-app-front-end/node_modules/@tybys/wasm-util
66 silly reify mark deleted [
66 silly reify   '/home/aremzy03/Document/cursor_projects/incel_apps/incel_esign_app/incel-e-sign-web-app-front-end/node_modules/@tybys/wasm-util'
66 silly reify ]
67 verbose reify failed optional dependency /home/aremzy03/Document/cursor_projects/incel_apps/incel_esign_app/incel-e-sign-web-app-front-end/node_modules/@emnapi/wasi-threads
68 silly reify mark deleted [
68 silly reify   '/home/aremzy03/Document/cursor_projects/incel_apps/incel_esign_app/incel-e-sign-web-app-front-end/node_modules/@emnapi/wasi-threads'
68 silly reify ]
69 verbose reify failed optional dependency /home/aremzy03/Document/cursor_projects/incel_apps/incel_esign_app/incel-e-sign-web-app-front-end/node_modules/@unrs/resolver-binding-linux-s390x-gnu
70 silly reify mark deleted [
70 silly reify   '/home/aremzy03/Document/cursor_projects/incel_apps/incel_esign_app/incel-e-sign-web-app-front-end/node_modules/@unrs/resolver-binding-linux-s390x-gnu'
70 silly reify ]
71 verbose reify failed optional dependency /home/aremzy03/Document/cursor_projects/incel_apps/incel_esign_app/incel-e-sign-web-app-front-end/node_modules/@unrs/resolver-binding-linux-riscv64-musl
72 silly reify mark deleted [
72 silly reify   '/home/aremzy03/Document/cursor_projects/incel_apps/incel_esign_app/incel-e-sign-web-app-front-end/node_modules/@unrs/resolver-binding-linux-riscv64-musl'
72 silly reify ]
73 verbose reify failed optional dependency /home/aremzy03/Document/cursor_projects/incel_apps/incel_esign_app/incel-e-sign-web-app-front-end/node_modules/@unrs/resolver-binding-linux-riscv64-gnu
74 silly reify mark deleted [
74 silly reify   '/home/aremzy03/Document/cursor_projects/incel_apps/incel_esign_app/incel-e-sign-web-app-front-end/node_modules/@unrs/resolver-binding-linux-riscv64-gnu'
74 silly reify ]
75 verbose reify failed optional dependency /home/aremzy03/Document/cursor_projects/incel_apps/incel_esign_app/incel-e-sign-web-app-front-end/node_modules/@unrs/resolver-binding-linux-ppc64-gnu
76 silly reify mark deleted [
76 silly reify   '/home/aremzy03/Document/cursor_projects/incel_apps/incel_esign_app/incel-e-sign-web-app-front-end/node_modules/@unrs/resolver-binding-linux-ppc64-gnu'
76 silly reify ]
77 verbose reify failed optional dependency /home/aremzy03/Document/cursor_projects/incel_apps/incel_esign_app/incel-e-sign-web-app-front-end/node_modules/@unrs/resolver-binding-linux-arm64-musl
78 silly reify mark deleted [
78 silly reify   '/home/aremzy03/Document/cursor_projects/incel_apps/incel_esign_app/incel-e-sign-web-app-front-end/node_modules/@unrs/resolver-binding-linux-arm64-musl'
78 silly reify ]
79 verbose reify failed optional dependency /home/aremzy03/Document/cursor_projects/incel_apps/incel_esign_app/incel-e-sign-web-app-front-end/node_modules/@unrs/resolver-binding-linux-arm64-gnu
80 silly reify mark deleted [
80 silly reify   '/home/aremzy03/Document/cursor_projects/incel_apps/incel_esign_app/incel-e-sign-web-app-front-end/node_modules/@unrs/resolver-binding-linux-arm64-gnu'
80 silly reify ]
81 verbose reify failed optional dependency /home/aremzy03/Document/cursor_projects/incel_apps/incel_esign_app/incel-e-sign-web-app-front-end/node_modules/@unrs/resolver-binding-linux-arm-musleabihf
82 silly reify mark deleted [
82 silly reify   '/home/aremzy03/Document/cursor_projects/incel_apps/incel_esign_app/incel-e-sign-web-app-front-end/node_modules/@unrs/resolver-binding-linux-arm-musleabihf'
82 silly reify ]
83 verbose reify failed optional dependency /home/aremzy03/Document/cursor_projects/incel_apps/incel_esign_app/incel-e-sign-web-app-front-end/node_modules/@unrs/resolver-binding-linux-arm-gnueabihf
84 silly reify mark deleted [
84 silly reify   '/home/aremzy03/Document/cursor_projects/incel_apps/incel_esign_app/incel-e-sign-web-app-front-end/node_modules/@unrs/resolver-binding-linux-arm-gnueabihf'
84 silly reify ]
85 verbose reify failed optional dependency /home/aremzy03/Document/cursor_projects/incel_apps/incel_esign_app/incel-e-sign-web-app-front-end/node_modules/@unrs/resolver-binding-freebsd-x64
86 silly reify mark deleted [
86 silly reify   '/home/aremzy03/Document/cursor_projects/incel_apps/incel_esign_app/incel-e-sign-web-app-front-end/node_modules/@unrs/resolver-binding-freebsd-x64'
86 silly reify ]
87 verbose reify failed optional dependency /home/aremzy03/Document/cursor_projects/incel_apps/incel_esign_app/incel-e-sign-web-app-front-end/node_modules/@unrs/resolver-binding-darwin-x64
88 silly reify mark deleted [
88 silly reify   '/home/aremzy03/Document/cursor_projects/incel_apps/incel_esign_app/incel-e-sign-web-app-front-end/node_modules/@unrs/resolver-binding-darwin-x64'
88 silly reify ]
89 verbose reify failed optional dependency /home/aremzy03/Document/cursor_projects/incel_apps/incel_esign_app/incel-e-sign-web-app-front-end/node_modules/@unrs/resolver-binding-darwin-arm64
90 silly reify mark deleted [
90 silly reify   '/home/aremzy03/Document/cursor_projects/incel_apps/incel_esign_app/incel-e-sign-web-app-front-end/node_modules/@unrs/resolver-binding-darwin-arm64'
90 silly reify ]
91 verbose reify failed optional dependency /home/aremzy03/Document/cursor_projects/incel_apps/incel_esign_app/incel-e-sign-web-app-front-end/node_modules/@unrs/resolver-binding-android-arm64
92 silly reify mark deleted [
92 silly reify   '/home/aremzy03/Document/cursor_projects/incel_apps/incel_esign_app/incel-e-sign-web-app-front-end/node_modules/@unrs/resolver-binding-android-arm64'
92 silly reify ]
93 verbose reify failed optional dependency /home/aremzy03/Document/cursor_projects/incel_apps/incel_esign_app/incel-e-sign-web-app-front-end/node_modules/@unrs/resolver-binding-android-arm-eabi
94 silly reify mark deleted [
94 silly reify   '/home/aremzy03/Document/cursor_projects/incel_apps/incel_esign_app/incel-e-sign-web-app-front-end/node_modules/@unrs/resolver-binding-android-arm-eabi'
94 silly reify ]
95 verbose reify failed optional dependency /home/aremzy03/Document/cursor_projects/incel_apps/incel_esign_app/incel-e-sign-web-app-front-end/node_modules/@next/swc-win32-x64-msvc
96 silly reify mark deleted [
96 silly reify   '/home/aremzy03/Document/cursor_projects/incel_apps/incel_esign_app/incel-e-sign-web-app-front-end/node_modules/@next/swc-win32-x64-msvc'
96 silly reify ]
97 verbose reify failed optional dependency /home/aremzy03/Document/cursor_projects/incel_apps/incel_esign_app/incel-e-sign-web-app-front-end/node_modules/@next/swc-win32-ia32-msvc
98 silly reify mark deleted [
98 silly reify   '/home/aremzy03/Document/cursor_projects/incel_apps/incel_esign_app/incel-e-sign-web-app-front-end/node_modules/@next/swc-win32-ia32-msvc'
98 silly reify ]
99 verbose reify failed optional dependency /home/aremzy03/Document/cursor_projects/incel_apps/incel_esign_app/incel-e-sign-web-app-front-end/node_modules/@next/swc-win32-arm64-msvc
100 silly reify mark deleted [
100 silly reify   '/home/aremzy03/Document/cursor_projects/incel_apps/incel_esign_app/incel-e-sign-web-app-front-end/node_modules/@next/swc-win32-arm64-msvc'
100 silly reify ]
101 verbose reify failed optional dependency /home/aremzy03/Document/cursor_projects/incel_apps/incel_esign_app/incel-e-sign-web-app-front-end/node_modules/@next/swc-linux-arm64-musl
102 silly reify mark deleted [
102 silly reify   '/home/aremzy03/Document/cursor_projects/incel_apps/incel_esign_app/incel-e-sign-web-app-front-end/node_modules/@next/swc-linux-arm64-musl'
102 silly reify ]
103 verbose reify failed optional dependency /home/aremzy03/Document/cursor_projects/incel_apps/incel_esign_app/incel-e-sign-web-app-front-end/node_modules/@next/swc-linux-arm64-gnu
104 silly reify mark deleted [
104 silly reify   '/home/aremzy03/Document/cursor_projects/incel_apps/incel_esign_app/incel-e-sign-web-app-front-end/node_modules/@next/swc-linux-arm64-gnu'
104 silly reify ]
105 verbose reify failed optional dependency /home/aremzy03/Document/cursor_projects/incel_apps/incel_esign_app/incel-e-sign-web-app-front-end/node_modules/@next/swc-darwin-x64
106 silly reify mark deleted [
106 silly reify   '/home/aremzy03/Document/cursor_projects/incel_apps/incel_esign_app/incel-e-sign-web-app-front-end/node_modules/@next/swc-darwin-x64'
106 silly reify ]
107 verbose reify failed optional dependency /home/aremzy03/Document/cursor_projects/incel_apps/incel_esign_app/incel-e-sign-web-app-front-end/node_modules/@next/swc-darwin-arm64
108 silly reify mark deleted [
108 silly reify   '/home/aremzy03/Document/cursor_projects/incel_apps/incel_esign_app/incel-e-sign-web-app-front-end/node_modules/@next/swc-darwin-arm64'
108 silly reify ]
109 verbose reify failed optional dependency /home/aremzy03/Document/cursor_projects/incel_apps/incel_esign_app/incel-e-sign-web-app-front-end/node_modules/@napi-rs/canvas-win32-x64-msvc
110 silly reify mark deleted [
110 silly reify   '/home/aremzy03/Document/cursor_projects/incel_apps/incel_esign_app/incel-e-sign-web-app-front-end/node_modules/@napi-rs/canvas-win32-x64-msvc'
110 silly reify ]
111 verbose reify failed optional dependency /home/aremzy03/Document/cursor_projects/incel_apps/incel_esign_app/incel-e-sign-web-app-front-end/node_modules/@napi-rs/canvas-linux-riscv64-gnu
112 silly reify mark deleted [
112 silly reify   '/home/aremzy03/Document/cursor_projects/incel_apps/incel_esign_app/incel-e-sign-web-app-front-end/node_modules/@napi-rs/canvas-linux-riscv64-gnu'
112 silly reify ]
113 verbose reify failed optional dependency /home/aremzy03/Document/cursor_projects/incel_apps/incel_esign_app/incel-e-sign-web-app-front-end/node_modules/@napi-rs/canvas-linux-arm64-musl
114 silly reify mark deleted [
114 silly reify   '/home/aremzy03/Document/cursor_projects/incel_apps/incel_esign_app/incel-e-sign-web-app-front-end/node_modules/@napi-rs/canvas-linux-arm64-musl'
114 silly reify ]
115 verbose reify failed optional dependency /home/aremzy03/Document/cursor_projects/incel_apps/incel_esign_app/incel-e-sign-web-app-front-end/node_modules/@napi-rs/canvas-linux-arm64-gnu
116 silly reify mark deleted [
116 silly reify   '/home/aremzy03/Document/cursor_projects/incel_apps/incel_esign_app/incel-e-sign-web-app-front-end/node_modules/@napi-rs/canvas-linux-arm64-gnu'
116 silly reify ]
117 verbose reify failed optional dependency /home/aremzy03/Document/cursor_projects/incel_apps/incel_esign_app/incel-e-sign-web-app-front-end/node_modules/@napi-rs/canvas-linux-arm-gnueabihf
118 silly reify mark deleted [
118 silly reify   '/home/aremzy03/Document/cursor_projects/incel_apps/incel_esign_app/incel-e-sign-web-app-front-end/node_modules/@napi-rs/canvas-linux-arm-gnueabihf'
118 silly reify ]
119 verbose reify failed optional dependency /home/aremzy03/Document/cursor_projects/incel_apps/incel_esign_app/incel-e-sign-web-app-front-end/node_modules/@napi-rs/canvas-darwin-x64
120 silly reify mark deleted [
120 silly reify   '/home/aremzy03/Document/cursor_projects/incel_apps/incel_esign_app/incel-e-sign-web-app-front-end/node_modules/@napi-rs/canvas-darwin-x64'
120 silly reify ]
121 verbose reify failed optional dependency /home/aremzy03/Document/cursor_projects/incel_apps/incel_esign_app/incel-e-sign-web-app-front-end/node_modules/@napi-rs/canvas-darwin-arm64
122 silly reify mark deleted [
122 silly reify   '/home/aremzy03/Document/cursor_projects/incel_apps/incel_esign_app/incel-e-sign-web-app-front-end/node_modules/@napi-rs/canvas-darwin-arm64'
122 silly reify ]
123 verbose reify failed optional dependency /home/aremzy03/Document/cursor_projects/incel_apps/incel_esign_app/incel-e-sign-web-app-front-end/node_modules/@napi-rs/canvas-android-arm64
124 silly reify mark deleted [
124 silly reify   '/home/aremzy03/Document/cursor_projects/incel_apps/incel_esign_app/incel-e-sign-web-app-front-end/node_modules/@napi-rs/canvas-android-arm64'
124 silly reify ]
125 timing reifyNode:node_modules/fsevents Completed in 261ms
126 timing reifyNode:node_modules/@unrs/resolver-binding-win32-x64-msvc Completed in 254ms
127 timing reifyNode:node_modules/@unrs/resolver-binding-win32-ia32-msvc Completed in 255ms
128 timing reifyNode:node_modules/@unrs/resolver-binding-win32-arm64-msvc Completed in 255ms
129 timing reifyNode:node_modules/@unrs/resolver-binding-wasm32-wasi Completed in 255ms
130 timing reifyNode:node_modules/@unrs/resolver-binding-linux-s390x-gnu Completed in 256ms
131 timing reifyNode:node_modules/@unrs/resolver-binding-linux-riscv64-musl Completed in 256ms
132 timing reifyNode:node_modules/@unrs/resolver-binding-linux-riscv64-gnu Completed in 256ms
133 timing reifyNode:node_modules/@unrs/resolver-binding-linux-ppc64-gnu Completed in 257ms
134 timing reifyNode:node_modules/@unrs/resolver-binding-linux-arm64-musl Completed in 257ms
135 timing reifyNode:node_modules/@unrs/resolver-binding-linux-arm64-gnu Completed in 257ms
136 timing reifyNode:node_modules/@unrs/resolver-binding-linux-arm-musleabihf Completed in 257ms
137 timing reifyNode:node_modules/@unrs/resolver-binding-linux-arm-gnueabihf Completed in 257ms
138 timing reifyNode:node_modules/@unrs/resolver-binding-freebsd-x64 Completed in 258ms
139 timing reifyNode:node_modules/@unrs/resolver-binding-darwin-x64 Completed in 258ms
140 timing reifyNode:node_modules/@unrs/resolver-binding-darwin-arm64 Completed in 258ms
141 timing reifyNode:node_modules/@unrs/resolver-binding-android-arm64 Completed in 258ms
142 timing reifyNode:node_modules/@unrs/resolver-binding-android-arm-eabi Completed in 257ms
143 timing reifyNode:node_modules/@next/swc-win32-x64-msvc Completed in 254ms
144 timing reifyNode:node_modules/@next/swc-win32-ia32-msvc Completed in 255ms
145 timing reifyNode:node_modules/@next/swc-win32-arm64-msvc Completed in 255ms
146 timing reifyNode:node_modules/@next/swc-linux-arm64-musl Completed in 255ms
147 timing reifyNode:node_modules/@next/swc-linux-arm64-gnu Completed in 255ms
148 timing reifyNode:node_modules/@next/swc-darwin-x64 Completed in 256ms
149 timing reifyNode:node_modules/@next/swc-darwin-arm64 Completed in 255ms
150 timing reifyNode:node_modules/@napi-rs/canvas-win32-x64-msvc Completed in 255ms
151 timing reifyNode:node_modules/@napi-rs/canvas-linux-riscv64-gnu Completed in 255ms
152 timing reifyNode:node_modules/@napi-rs/canvas-linux-arm64-musl Completed in 255ms
153 timing reifyNode:node_modules/@napi-rs/canvas-linux-arm64-gnu Completed in 255ms
154 timing reifyNode:node_modules/@napi-rs/canvas-linux-arm-gnueabihf Completed in 256ms
155 timing reifyNode:node_modules/@napi-rs/canvas-darwin-x64 Completed in 256ms
156 timing reifyNode:node_modules/@napi-rs/canvas-darwin-arm64 Completed in 256ms
157 timing reifyNode:node_modules/@napi-rs/canvas-android-arm64 Completed in 256ms
158 silly tarball no local data for run-parallel@https://registry.npmjs.org/run-parallel/-/run-parallel-1.2.0.tgz. Extracting by manifest.
159 silly tarball no local data for rrweb-cssom@https://registry.npmjs.org/rrweb-cssom/-/rrweb-cssom-0.8.0.tgz. Extracting by manifest.
160 silly tarball no local data for rimraf@https://registry.npmjs.org/rimraf/-/rimraf-3.0.2.tgz. Extracting by manifest.
161 silly tarball no local data for keyv@https://registry.npmjs.org/keyv/-/keyv-4.5.4.tgz. Extracting by manifest.
162 silly tarball no local data for jest-mock@https://registry.npmjs.org/jest-mock/-/jest-mock-30.0.5.tgz. Extracting by manifest.
163 silly tarball no local data for fraction.js@https://registry.npmjs.org/fraction.js/-/fraction.js-4.3.7.tgz. Extracting by manifest.
164 silly tarball no local data for es-toolkit@https://registry.npmjs.org/es-toolkit/-/es-toolkit-1.39.10.tgz. Extracting by manifest.
165 silly tarball no local data for array.prototype.flat@https://registry.npmjs.org/array.prototype.flat/-/array.prototype.flat-1.3.3.tgz. Extracting by manifest.
166 silly tarball no local data for @ungap/structured-clone@https://registry.npmjs.org/@ungap/structured-clone/-/structured-clone-1.3.0.tgz. Extracting by manifest.
167 silly tarball no local data for @typescript-eslint/visitor-keys@https://registry.npmjs.org/@typescript-eslint/visitor-keys/-/visitor-keys-6.21.0.tgz. Extracting by manifest.
168 silly tarball no local data for @pkgr/core@https://registry.npmjs.org/@pkgr/core/-/core-0.2.9.tgz. Extracting by manifest.
169 silly tarball no local data for @jest/globals@https://registry.npmjs.org/@jest/globals/-/globals-30.1.2.tgz. Extracting by manifest.
170 silly tarball no local data for zod@https://registry.npmjs.org/zod/-/zod-3.25.76.tgz. Extracting by manifest.
171 silly tarball no local data for yocto-queue@https://registry.npmjs.org/yocto-queue/-/yocto-queue-0.1.0.tgz. Extracting by manifest.
172 silly tarball no local data for yargs-parser@https://registry.npmjs.org/yargs-parser/-/yargs-parser-21.1.1.tgz. Extracting by manifest.
173 silly tarball no local data for yaml@https://registry.npmjs.org/yaml/-/yaml-2.8.1.tgz. Extracting by manifest.
174 silly tarball no local data for yargs@https://registry.npmjs.org/yargs/-/yargs-17.7.2.tgz. Extracting by manifest.
175 silly tarball no local data for yallist@https://registry.npmjs.org/yallist/-/yallist-4.0.0.tgz. Extracting by manifest.
176 silly tarball no local data for y18n@https://registry.npmjs.org/y18n/-/y18n-5.0.8.tgz. Extracting by manifest.
177 silly tarball no local data for xmlchars@https://registry.npmjs.org/xmlchars/-/xmlchars-2.2.0.tgz. Extracting by manifest.
178 silly tarball no local data for xml-name-validator@https://registry.npmjs.org/xml-name-validator/-/xml-name-validator-5.0.0.tgz. Extracting by manifest.
179 silly tarball no local data for ws@https://registry.npmjs.org/ws/-/ws-8.18.3.tgz. Extracting by manifest.
180 silly tarball no local data for write-file-atomic@https://registry.npmjs.org/write-file-atomic/-/write-file-atomic-5.0.1.tgz. Extracting by manifest.
181 silly tarball no local data for wrap-ansi-cjs@https://registry.npmjs.org/wrap-ansi/-/wrap-ansi-7.0.0.tgz. Extracting by manifest.
182 silly tarball no local data for wrap-ansi@https://registry.npmjs.org/wrap-ansi/-/wrap-ansi-8.1.0.tgz. Extracting by manifest.
183 silly tarball no local data for wrappy@https://registry.npmjs.org/wrappy/-/wrappy-1.0.2.tgz. Extracting by manifest.
184 silly tarball no local data for wordwrap@https://registry.npmjs.org/wordwrap/-/wordwrap-1.0.0.tgz. Extracting by manifest.
185 silly tarball no local data for word-wrap@https://registry.npmjs.org/word-wrap/-/word-wrap-1.2.5.tgz. Extracting by manifest.
186 silly tarball no local data for which-collection@https://registry.npmjs.org/which-collection/-/which-collection-1.0.2.tgz. Extracting by manifest.
187 silly tarball no local data for which-typed-array@https://registry.npmjs.org/which-typed-array/-/which-typed-array-1.1.19.tgz. Extracting by manifest.
188 silly tarball no local data for which-builtin-type@https://registry.npmjs.org/which-builtin-type/-/which-builtin-type-1.2.1.tgz. Extracting by manifest.
189 silly tarball no local data for which@https://registry.npmjs.org/which/-/which-2.0.2.tgz. Extracting by manifest.
190 silly tarball no local data for which-boxed-primitive@https://registry.npmjs.org/which-boxed-primitive/-/which-boxed-primitive-1.1.1.tgz. Extracting by manifest.
191 silly tarball no local data for whatwg-url@https://registry.npmjs.org/whatwg-url/-/whatwg-url-14.2.0.tgz. Extracting by manifest.
192 silly tarball no local data for whatwg-mimetype@https://registry.npmjs.org/whatwg-mimetype/-/whatwg-mimetype-4.0.0.tgz. Extracting by manifest.
193 silly tarball no local data for whatwg-encoding@https://registry.npmjs.org/whatwg-encoding/-/whatwg-encoding-3.1.1.tgz. Extracting by manifest.
194 silly tarball no local data for watchpack@https://registry.npmjs.org/watchpack/-/watchpack-2.4.0.tgz. Extracting by manifest.
195 silly tarball no local data for webidl-conversions@https://registry.npmjs.org/webidl-conversions/-/webidl-conversions-7.0.0.tgz. Extracting by manifest.
196 silly tarball no local data for warning@https://registry.npmjs.org/warning/-/warning-4.0.3.tgz. Extracting by manifest.
197 silly tarball no local data for walker@https://registry.npmjs.org/walker/-/walker-1.0.8.tgz. Extracting by manifest.
198 silly tarball no local data for w3c-xmlserializer@https://registry.npmjs.org/w3c-xmlserializer/-/w3c-xmlserializer-5.0.0.tgz. Extracting by manifest.
199 silly tarball no local data for v8-to-istanbul@https://registry.npmjs.org/v8-to-istanbul/-/v8-to-istanbul-9.3.0.tgz. Extracting by manifest.
200 silly tarball no local data for victory-vendor@https://registry.npmjs.org/victory-vendor/-/victory-vendor-37.3.6.tgz. Extracting by manifest.
201 silly tarball no local data for uuid@https://registry.npmjs.org/uuid/-/uuid-8.3.2.tgz. Extracting by manifest.
202 silly tarball no local data for util-deprecate@https://registry.npmjs.org/util-deprecate/-/util-deprecate-1.0.2.tgz. Extracting by manifest.
203 silly tarball no local data for use-sync-external-store@https://registry.npmjs.org/use-sync-external-store/-/use-sync-external-store-1.5.0.tgz. Extracting by manifest.
204 silly tarball no local data for use-sidecar@https://registry.npmjs.org/use-sidecar/-/use-sidecar-1.1.3.tgz. Extracting by manifest.
205 silly tarball no local data for use-callback-ref@https://registry.npmjs.org/use-callback-ref/-/use-callback-ref-1.3.3.tgz. Extracting by manifest.
206 silly tarball no local data for uri-js@https://registry.npmjs.org/uri-js/-/uri-js-4.4.1.tgz. Extracting by manifest.
207 silly tarball no local data for update-browserslist-db@https://registry.npmjs.org/update-browserslist-db/-/update-browserslist-db-1.1.3.tgz. Extracting by manifest.
208 silly tarball no local data for undici-types@https://registry.npmjs.org/undici-types/-/undici-types-6.21.0.tgz. Extracting by manifest.
209 silly tarball no local data for unrs-resolver@https://registry.npmjs.org/unrs-resolver/-/unrs-resolver-1.11.1.tgz. Extracting by manifest.
210 silly tarball no local data for unbox-primitive@https://registry.npmjs.org/unbox-primitive/-/unbox-primitive-1.1.0.tgz. Extracting by manifest.
211 silly tarball no local data for typescript@https://registry.npmjs.org/typescript/-/typescript-5.9.2.tgz. Extracting by manifest.
212 silly tarball no local data for uglify-js@https://registry.npmjs.org/uglify-js/-/uglify-js-3.19.3.tgz. Extracting by manifest.
213 silly tarball no local data for typed-array-length@https://registry.npmjs.org/typed-array-length/-/typed-array-length-1.0.7.tgz. Extracting by manifest.
214 silly tarball no local data for typed-array-byte-offset@https://registry.npmjs.org/typed-array-byte-offset/-/typed-array-byte-offset-1.0.4.tgz. Extracting by manifest.
215 silly tarball no local data for typed-array-buffer@https://registry.npmjs.org/typed-array-buffer/-/typed-array-buffer-1.0.3.tgz. Extracting by manifest.
216 silly tarball no local data for supports-color@https://registry.npmjs.org/supports-color/-/supports-color-8.1.1.tgz. Extracting by manifest.
217 silly tarball no local data for postcss@https://registry.npmjs.org/postcss/-/postcss-8.4.31.tgz. Extracting by manifest.
218 silly tarball no local data for type-fest@https://registry.npmjs.org/type-fest/-/type-fest-0.20.2.tgz. Extracting by manifest.
219 silly tarball no local data for type-detect@https://registry.npmjs.org/type-detect/-/type-detect-4.0.8.tgz. Extracting by manifest.
220 silly tarball no local data for typed-array-byte-length@https://registry.npmjs.org/typed-array-byte-length/-/typed-array-byte-length-1.0.3.tgz. Extracting by manifest.
221 silly tarball no local data for type-check@https://registry.npmjs.org/type-check/-/type-check-0.4.0.tgz. Extracting by manifest.
222 silly tarball no local data for tslib@https://registry.npmjs.org/tslib/-/tslib-2.8.1.tgz. Extracting by manifest.
223 silly tarball no local data for tsconfig-paths@https://registry.npmjs.org/tsconfig-paths/-/tsconfig-paths-3.15.0.tgz. Extracting by manifest.
224 silly tarball no local data for ts-jest@https://registry.npmjs.org/ts-jest/-/ts-jest-29.4.2.tgz. Extracting by manifest.
225 silly tarball no local data for ts-interface-checker@https://registry.npmjs.org/ts-interface-checker/-/ts-interface-checker-0.1.13.tgz. Extracting by manifest.
226 silly tarball no local data for ts-api-utils@https://registry.npmjs.org/ts-api-utils/-/ts-api-utils-1.4.3.tgz. Extracting by manifest.
227 silly tarball no local data for tr46@https://registry.npmjs.org/tr46/-/tr46-5.1.1.tgz. Extracting by manifest.
228 silly tarball no local data for tough-cookie@https://registry.npmjs.org/tough-cookie/-/tough-cookie-5.1.2.tgz. Extracting by manifest.
229 silly tarball no local data for to-regex-range@https://registry.npmjs.org/to-regex-range/-/to-regex-range-5.0.1.tgz. Extracting by manifest.
230 silly tarball no local data for tmpl@https://registry.npmjs.org/tmpl/-/tmpl-1.0.5.tgz. Extracting by manifest.
231 silly tarball no local data for tldts-core@https://registry.npmjs.org/tldts-core/-/tldts-core-6.1.86.tgz. Extracting by manifest.
232 silly tarball no local data for tldts@https://registry.npmjs.org/tldts/-/tldts-6.1.86.tgz. Extracting by manifest.
233 silly tarball no local data for tinyglobby@https://registry.npmjs.org/tinyglobby/-/tinyglobby-0.2.15.tgz. Extracting by manifest.
234 silly tarball no local data for tiny-invariant@https://registry.npmjs.org/tiny-invariant/-/tiny-invariant-1.3.3.tgz. Extracting by manifest.
235 silly tarball no local data for thenify-all@https://registry.npmjs.org/thenify-all/-/thenify-all-1.6.0.tgz. Extracting by manifest.
236 silly tarball no local data for thenify@https://registry.npmjs.org/thenify/-/thenify-3.3.1.tgz. Extracting by manifest.
237 silly tarball no local data for text-table@https://registry.npmjs.org/text-table/-/text-table-0.2.0.tgz. Extracting by manifest.
238 silly tarball no local data for tailwindcss-animate@https://registry.npmjs.org/tailwindcss-animate/-/tailwindcss-animate-1.0.7.tgz. Extracting by manifest.
239 silly tarball no local data for test-exclude@https://registry.npmjs.org/test-exclude/-/test-exclude-6.0.0.tgz. Extracting by manifest.
240 silly tarball no local data for tailwindcss@https://registry.npmjs.org/tailwindcss/-/tailwindcss-3.4.17.tgz. Extracting by manifest.
241 silly tarball no local data for tailwind-merge@https://registry.npmjs.org/tailwind-merge/-/tailwind-merge-2.6.0.tgz. Extracting by manifest.
242 silly tarball no local data for synckit@https://registry.npmjs.org/synckit/-/synckit-0.11.11.tgz. Extracting by manifest.
243 silly tarball no local data for symbol-tree@https://registry.npmjs.org/symbol-tree/-/symbol-tree-3.2.4.tgz. Extracting by manifest.
244 silly tarball no local data for supports-preserve-symlinks-flag@https://registry.npmjs.org/supports-preserve-symlinks-flag/-/supports-preserve-symlinks-flag-1.0.0.tgz. Extracting by manifest.
245 silly tarball no local data for supports-color@https://registry.npmjs.org/supports-color/-/supports-color-7.2.0.tgz. Extracting by manifest.
246 silly tarball no local data for sucrase@https://registry.npmjs.org/sucrase/-/sucrase-3.35.0.tgz. Extracting by manifest.
247 silly tarball no local data for styled-jsx@https://registry.npmjs.org/styled-jsx/-/styled-jsx-5.1.1.tgz. Extracting by manifest.
248 silly tarball no local data for strip-json-comments@https://registry.npmjs.org/strip-json-comments/-/strip-json-comments-3.1.1.tgz. Extracting by manifest.
249 silly tarball no local data for strip-indent@https://registry.npmjs.org/strip-indent/-/strip-indent-3.0.0.tgz. Extracting by manifest.
250 silly tarball no local data for strip-final-newline@https://registry.npmjs.org/strip-final-newline/-/strip-final-newline-2.0.0.tgz. Extracting by manifest.
251 silly tarball no local data for strip-bom@https://registry.npmjs.org/strip-bom/-/strip-bom-3.0.0.tgz. Extracting by manifest.
252 silly tarball no local data for strip-ansi-cjs@https://registry.npmjs.org/strip-ansi/-/strip-ansi-6.0.1.tgz. Extracting by manifest.
253 silly tarball no local data for strip-ansi@https://registry.npmjs.org/strip-ansi/-/strip-ansi-6.0.1.tgz. Extracting by manifest.
254 silly tarball no local data for string.prototype.trimstart@https://registry.npmjs.org/string.prototype.trimstart/-/string.prototype.trimstart-1.0.8.tgz. Extracting by manifest.
255 silly tarball no local data for string.prototype.trimend@https://registry.npmjs.org/string.prototype.trimend/-/string.prototype.trimend-1.0.9.tgz. Extracting by manifest.
256 silly tarball no local data for string.prototype.trim@https://registry.npmjs.org/string.prototype.trim/-/string.prototype.trim-1.2.10.tgz. Extracting by manifest.
257 silly tarball no local data for string.prototype.repeat@https://registry.npmjs.org/string.prototype.repeat/-/string.prototype.repeat-1.0.0.tgz. Extracting by manifest.
258 silly tarball no local data for string.prototype.matchall@https://registry.npmjs.org/string.prototype.matchall/-/string.prototype.matchall-4.0.12.tgz. Extracting by manifest.
259 silly tarball no local data for string.prototype.includes@https://registry.npmjs.org/string.prototype.includes/-/string.prototype.includes-2.0.1.tgz. Extracting by manifest.
260 silly tarball no local data for string-width-cjs@https://registry.npmjs.org/string-width/-/string-width-4.2.3.tgz. Extracting by manifest.
261 silly tarball no local data for string-width@https://registry.npmjs.org/string-width/-/string-width-5.1.2.tgz. Extracting by manifest.
262 silly tarball no local data for string-length@https://registry.npmjs.org/string-length/-/string-length-4.0.2.tgz. Extracting by manifest.
263 silly tarball no local data for streamsearch@https://registry.npmjs.org/streamsearch/-/streamsearch-1.1.0.tgz. Extracting by manifest.
264 silly tarball no local data for stop-iteration-iterator@https://registry.npmjs.org/stop-iteration-iterator/-/stop-iteration-iterator-1.1.0.tgz. Extracting by manifest.
265 silly tarball no local data for stack-utils@https://registry.npmjs.org/stack-utils/-/stack-utils-2.0.6.tgz. Extracting by manifest.
266 silly tarball no local data for stable-hash@https://registry.npmjs.org/stable-hash/-/stable-hash-0.0.5.tgz. Extracting by manifest.
267 silly tarball no local data for sprintf-js@https://registry.npmjs.org/sprintf-js/-/sprintf-js-1.0.3.tgz. Extracting by manifest.
268 silly tarball no local data for source-map-support@https://registry.npmjs.org/source-map-support/-/source-map-support-0.5.13.tgz. Extracting by manifest.
269 silly tarball no local data for source-map-js@https://registry.npmjs.org/source-map-js/-/source-map-js-1.2.1.tgz. Extracting by manifest.
270 silly tarball no local data for source-map@https://registry.npmjs.org/source-map/-/source-map-0.6.1.tgz. Extracting by manifest.
271 silly tarball no local data for strip-ansi@https://registry.npmjs.org/strip-ansi/-/strip-ansi-7.1.2.tgz. Extracting by manifest.
272 silly tarball no local data for ansi-regex@https://registry.npmjs.org/ansi-regex/-/ansi-regex-6.2.2.tgz. Extracting by manifest.
273 silly tarball no local data for argparse@https://registry.npmjs.org/argparse/-/argparse-1.0.10.tgz. Extracting by manifest.
274 silly tarball no local data for slash@https://registry.npmjs.org/slash/-/slash-3.0.0.tgz. Extracting by manifest.
275 silly tarball no local data for signal-exit@https://registry.npmjs.org/signal-exit/-/signal-exit-4.1.0.tgz. Extracting by manifest.
276 silly tarball no local data for side-channel-weakmap@https://registry.npmjs.org/side-channel-weakmap/-/side-channel-weakmap-1.0.2.tgz. Extracting by manifest.
277 silly tarball no local data for side-channel-map@https://registry.npmjs.org/side-channel-map/-/side-channel-map-1.0.1.tgz. Extracting by manifest.
278 silly tarball no local data for side-channel-list@https://registry.npmjs.org/side-channel-list/-/side-channel-list-1.0.0.tgz. Extracting by manifest.
279 silly tarball no local data for side-channel@https://registry.npmjs.org/side-channel/-/side-channel-1.1.0.tgz. Extracting by manifest.
280 silly tarball no local data for shebang-regex@https://registry.npmjs.org/shebang-regex/-/shebang-regex-3.0.0.tgz. Extracting by manifest.
281 silly tarball no local data for shebang-command@https://registry.npmjs.org/shebang-command/-/shebang-command-2.0.0.tgz. Extracting by manifest.
282 silly tarball no local data for set-proto@https://registry.npmjs.org/set-proto/-/set-proto-1.0.0.tgz. Extracting by manifest.
283 silly tarball no local data for set-function-name@https://registry.npmjs.org/set-function-name/-/set-function-name-2.0.2.tgz. Extracting by manifest.
284 silly tarball no local data for set-function-length@https://registry.npmjs.org/set-function-length/-/set-function-length-1.2.2.tgz. Extracting by manifest.
285 silly tarball no local data for semver@https://registry.npmjs.org/semver/-/semver-7.7.2.tgz. Extracting by manifest.
286 silly tarball no local data for scheduler@https://registry.npmjs.org/scheduler/-/scheduler-0.23.2.tgz. Extracting by manifest.
287 silly tarball no local data for saxes@https://registry.npmjs.org/saxes/-/saxes-6.0.0.tgz. Extracting by manifest.
288 silly tarball no local data for safer-buffer@https://registry.npmjs.org/safer-buffer/-/safer-buffer-2.1.2.tgz. Extracting by manifest.
289 silly tarball no local data for safe-regex-test@https://registry.npmjs.org/safe-regex-test/-/safe-regex-test-1.1.0.tgz. Extracting by manifest.
290 silly tarball no local data for safe-push-apply@https://registry.npmjs.org/safe-push-apply/-/safe-push-apply-1.0.0.tgz. Extracting by manifest.
291 silly tarball no local data for safe-array-concat@https://registry.npmjs.org/safe-array-concat/-/safe-array-concat-1.1.3.tgz. Extracting by manifest.
292 silly tarball no local data for reusify@https://registry.npmjs.org/reusify/-/reusify-1.1.0.tgz. Extracting by manifest.
293 silly tarball no local data for resolve-pkg-maps@https://registry.npmjs.org/resolve-pkg-maps/-/resolve-pkg-maps-1.0.0.tgz. Extracting by manifest.
294 silly tarball no local data for resolve-from@https://registry.npmjs.org/resolve-from/-/resolve-from-4.0.0.tgz. Extracting by manifest.
295 silly tarball no local data for resolve-cwd@https://registry.npmjs.org/resolve-cwd/-/resolve-cwd-3.0.0.tgz. Extracting by manifest.
296 silly tarball no local data for resolve@https://registry.npmjs.org/resolve/-/resolve-1.22.10.tgz. Extracting by manifest.
297 silly tarball no local data for reselect@https://registry.npmjs.org/reselect/-/reselect-5.1.1.tgz. Extracting by manifest.
298 silly tarball no local data for require-directory@https://registry.npmjs.org/require-directory/-/require-directory-2.1.1.tgz. Extracting by manifest.
299 silly tarball no local data for regexp.prototype.flags@https://registry.npmjs.org/regexp.prototype.flags/-/regexp.prototype.flags-1.5.4.tgz. Extracting by manifest.
300 silly tarball no local data for reflect.getprototypeof@https://registry.npmjs.org/reflect.getprototypeof/-/reflect.getprototypeof-1.0.10.tgz. Extracting by manifest.
301 silly tarball no local data for redux-thunk@https://registry.npmjs.org/redux-thunk/-/redux-thunk-3.1.0.tgz. Extracting by manifest.
302 silly tarball no local data for redux@https://registry.npmjs.org/redux/-/redux-5.0.1.tgz. Extracting by manifest.
303 silly tarball no local data for redent@https://registry.npmjs.org/redent/-/redent-3.0.0.tgz. Extracting by manifest.
304 silly tarball no local data for recharts@https://registry.npmjs.org/recharts/-/recharts-3.2.1.tgz. Extracting by manifest.
305 silly tarball no local data for readdirp@https://registry.npmjs.org/readdirp/-/readdirp-3.6.0.tgz. Extracting by manifest.
306 silly tarball no local data for read-cache@https://registry.npmjs.org/read-cache/-/read-cache-1.0.0.tgz. Extracting by manifest.
307 silly tarball no local data for react-style-singleton@https://registry.npmjs.org/react-style-singleton/-/react-style-singleton-2.2.3.tgz. Extracting by manifest.
308 silly tarball no local data for react-remove-scroll-bar@https://registry.npmjs.org/react-remove-scroll-bar/-/react-remove-scroll-bar-2.3.8.tgz. Extracting by manifest.
309 silly tarball no local data for react-remove-scroll@https://registry.npmjs.org/react-remove-scroll/-/react-remove-scroll-2.7.1.tgz. Extracting by manifest.
310 silly tarball no local data for react-redux@https://registry.npmjs.org/react-redux/-/react-redux-9.2.0.tgz. Extracting by manifest.
311 silly tarball no local data for react-pdf@https://registry.npmjs.org/react-pdf/-/react-pdf-10.1.0.tgz. Extracting by manifest.
312 silly tarball no local data for react-is@https://registry.npmjs.org/react-is/-/react-is-16.13.1.tgz. Extracting by manifest.
313 silly tarball no local data for react-hot-toast@https://registry.npmjs.org/react-hot-toast/-/react-hot-toast-2.6.0.tgz. Extracting by manifest.
314 silly tarball no local data for react-hook-form@https://registry.npmjs.org/react-hook-form/-/react-hook-form-7.62.0.tgz. Extracting by manifest.
315 silly tarball no local data for react-dom@https://registry.npmjs.org/react-dom/-/react-dom-18.3.1.tgz. Extracting by manifest.
316 silly tarball no local data for react@https://registry.npmjs.org/react/-/react-18.3.1.tgz. Extracting by manifest.
317 silly tarball no local data for queue-microtask@https://registry.npmjs.org/queue-microtask/-/queue-microtask-1.2.3.tgz. Extracting by manifest.
318 silly tarball no local data for pure-rand@https://registry.npmjs.org/pure-rand/-/pure-rand-7.0.1.tgz. Extracting by manifest.
319 silly tarball no local data for punycode@https://registry.npmjs.org/punycode/-/punycode-2.3.1.tgz. Extracting by manifest.
320 silly tarball no local data for proxy-from-env@https://registry.npmjs.org/proxy-from-env/-/proxy-from-env-1.1.0.tgz. Extracting by manifest.
321 silly tarball no local data for prop-types@https://registry.npmjs.org/prop-types/-/prop-types-15.8.1.tgz. Extracting by manifest.
322 silly tarball no local data for pretty-format@https://registry.npmjs.org/pretty-format/-/pretty-format-3.8.0.tgz. Extracting by manifest.
323 silly tarball no local data for prettier-plugin-tailwindcss@https://registry.npmjs.org/prettier-plugin-tailwindcss/-/prettier-plugin-tailwindcss-0.5.14.tgz. Extracting by manifest.
324 silly tarball no local data for prettier@https://registry.npmjs.org/prettier/-/prettier-3.6.2.tgz. Extracting by manifest.
325 silly tarball no local data for prelude-ls@https://registry.npmjs.org/prelude-ls/-/prelude-ls-1.2.1.tgz. Extracting by manifest.
326 silly tarball no local data for preact-render-to-string@https://registry.npmjs.org/preact-render-to-string/-/preact-render-to-string-5.2.6.tgz. Extracting by manifest.
327 silly tarball no local data for preact@https://registry.npmjs.org/preact/-/preact-10.27.2.tgz. Extracting by manifest.
328 silly tarball no local data for postcss-value-parser@https://registry.npmjs.org/postcss-value-parser/-/postcss-value-parser-4.2.0.tgz. Extracting by manifest.
329 silly tarball no local data for postcss-selector-parser@https://registry.npmjs.org/postcss-selector-parser/-/postcss-selector-parser-6.1.2.tgz. Extracting by manifest.
330 silly tarball no local data for postcss-nested@https://registry.npmjs.org/postcss-nested/-/postcss-nested-6.2.0.tgz. Extracting by manifest.
331 silly tarball no local data for postcss-js@https://registry.npmjs.org/postcss-js/-/postcss-js-4.1.0.tgz. Extracting by manifest.
332 silly tarball no local data for postcss-import@https://registry.npmjs.org/postcss-import/-/postcss-import-15.1.0.tgz. Extracting by manifest.
333 silly tarball no local data for postcss@https://registry.npmjs.org/postcss/-/postcss-8.5.6.tgz. Extracting by manifest.
334 silly tarball no local data for possible-typed-array-names@https://registry.npmjs.org/possible-typed-array-names/-/possible-typed-array-names-1.1.0.tgz. Extracting by manifest.
335 silly tarball no local data for pirates@https://registry.npmjs.org/pirates/-/pirates-4.0.7.tgz. Extracting by manifest.
336 silly tarball no local data for pify@https://registry.npmjs.org/pify/-/pify-2.3.0.tgz. Extracting by manifest.
337 silly tarball no local data for pkg-dir@https://registry.npmjs.org/pkg-dir/-/pkg-dir-4.2.0.tgz. Extracting by manifest.
338 silly tarball no local data for picomatch@https://registry.npmjs.org/picomatch/-/picomatch-2.3.1.tgz. Extracting by manifest.
339 silly tarball no local data for picocolors@https://registry.npmjs.org/picocolors/-/picocolors-1.1.1.tgz. Extracting by manifest.
340 silly tarball no local data for path-type@https://registry.npmjs.org/path-type/-/path-type-4.0.0.tgz. Extracting by manifest.
341 silly tarball no local data for pdfjs-dist@https://registry.npmjs.org/pdfjs-dist/-/pdfjs-dist-5.3.93.tgz. Extracting by manifest.
342 silly tarball no local data for path-scurry@https://registry.npmjs.org/path-scurry/-/path-scurry-1.11.1.tgz. Extracting by manifest.
343 silly tarball no local data for path-parse@https://registry.npmjs.org/path-parse/-/path-parse-1.0.7.tgz. Extracting by manifest.
344 silly tarball no local data for path-key@https://registry.npmjs.org/path-key/-/path-key-3.1.1.tgz. Extracting by manifest.
345 silly tarball no local data for path-is-absolute@https://registry.npmjs.org/path-is-absolute/-/path-is-absolute-1.0.1.tgz. Extracting by manifest.
346 silly tarball no local data for path-exists@https://registry.npmjs.org/path-exists/-/path-exists-4.0.0.tgz. Extracting by manifest.
347 silly tarball no local data for parse5@https://registry.npmjs.org/parse5/-/parse5-7.3.0.tgz. Extracting by manifest.
348 silly tarball no local data for parse-json@https://registry.npmjs.org/parse-json/-/parse-json-5.2.0.tgz. Extracting by manifest.
349 silly tarball no local data for parent-module@https://registry.npmjs.org/parent-module/-/parent-module-1.0.1.tgz. Extracting by manifest.
350 silly tarball no local data for package-json-from-dist@https://registry.npmjs.org/package-json-from-dist/-/package-json-from-dist-1.0.1.tgz. Extracting by manifest.
351 silly tarball no local data for p-try@https://registry.npmjs.org/p-try/-/p-try-2.2.0.tgz. Extracting by manifest.
352 silly tarball no local data for p-locate@https://registry.npmjs.org/p-locate/-/p-locate-5.0.0.tgz. Extracting by manifest.
353 silly tarball no local data for p-limit@https://registry.npmjs.org/p-limit/-/p-limit-3.1.0.tgz. Extracting by manifest.
354 silly tarball no local data for own-keys@https://registry.npmjs.org/own-keys/-/own-keys-1.0.1.tgz. Extracting by manifest.
355 silly tarball no local data for optionator@https://registry.npmjs.org/optionator/-/optionator-0.9.4.tgz. Extracting by manifest.
356 silly tarball no local data for openid-client@https://registry.npmjs.org/openid-client/-/openid-client-5.7.1.tgz. Extracting by manifest.
357 silly tarball no local data for onetime@https://registry.npmjs.org/onetime/-/onetime-5.1.2.tgz. Extracting by manifest.
358 silly tarball no local data for once@https://registry.npmjs.org/once/-/once-1.4.0.tgz. Extracting by manifest.
359 silly tarball no local data for oidc-token-hash@https://registry.npmjs.org/oidc-token-hash/-/oidc-token-hash-5.1.1.tgz. Extracting by manifest.
360 silly tarball no local data for object.values@https://registry.npmjs.org/object.values/-/object.values-1.2.1.tgz. Extracting by manifest.
361 silly tarball no local data for object.groupby@https://registry.npmjs.org/object.groupby/-/object.groupby-1.0.3.tgz. Extracting by manifest.
362 silly tarball no local data for object.fromentries@https://registry.npmjs.org/object.fromentries/-/object.fromentries-2.0.8.tgz. Extracting by manifest.
363 silly tarball no local data for object.entries@https://registry.npmjs.org/object.entries/-/object.entries-1.1.9.tgz. Extracting by manifest.
364 silly tarball no local data for object.assign@https://registry.npmjs.org/object.assign/-/object.assign-4.1.7.tgz. Extracting by manifest.
365 silly tarball no local data for object-keys@https://registry.npmjs.org/object-keys/-/object-keys-1.1.1.tgz. Extracting by manifest.
366 silly tarball no local data for object-inspect@https://registry.npmjs.org/object-inspect/-/object-inspect-1.13.4.tgz. Extracting by manifest.
367 silly tarball no local data for object-hash@https://registry.npmjs.org/object-hash/-/object-hash-3.0.0.tgz. Extracting by manifest.
368 silly tarball no local data for object-assign@https://registry.npmjs.org/object-assign/-/object-assign-4.1.1.tgz. Extracting by manifest.
369 silly tarball no local data for oauth@https://registry.npmjs.org/oauth/-/oauth-0.9.15.tgz. Extracting by manifest.
370 silly tarball no local data for npm-run-path@https://registry.npmjs.org/npm-run-path/-/npm-run-path-4.0.1.tgz. Extracting by manifest.
371 silly tarball no local data for nwsapi@https://registry.npmjs.org/nwsapi/-/nwsapi-2.2.22.tgz. Extracting by manifest.
372 silly tarball no local data for normalize-range@https://registry.npmjs.org/normalize-range/-/normalize-range-0.1.2.tgz. Extracting by manifest.
373 silly tarball no local data for normalize-path@https://registry.npmjs.org/normalize-path/-/normalize-path-3.0.0.tgz. Extracting by manifest.
374 silly tarball no local data for node-releases@https://registry.npmjs.org/node-releases/-/node-releases-2.0.21.tgz. Extracting by manifest.
375 silly tarball no local data for node-int64@https://registry.npmjs.org/node-int64/-/node-int64-0.4.0.tgz. Extracting by manifest.
376 silly tarball no local data for next-auth@https://registry.npmjs.org/next-auth/-/next-auth-4.24.11.tgz. Extracting by manifest.
377 silly tarball no local data for next@https://registry.npmjs.org/next/-/next-14.0.4.tgz. Extracting by manifest.
378 silly tarball no local data for neo-async@https://registry.npmjs.org/neo-async/-/neo-async-2.6.2.tgz. Extracting by manifest.
379 silly tarball no local data for natural-compare@https://registry.npmjs.org/natural-compare/-/natural-compare-1.4.0.tgz. Extracting by manifest.
380 silly tarball no local data for napi-postinstall@https://registry.npmjs.org/napi-postinstall/-/napi-postinstall-0.3.3.tgz. Extracting by manifest.
381 silly tarball no local data for nanoid@https://registry.npmjs.org/nanoid/-/nanoid-3.3.11.tgz. Extracting by manifest.
382 silly tarball no local data for ms@https://registry.npmjs.org/ms/-/ms-2.1.3.tgz. Extracting by manifest.
383 silly tarball no local data for mz@https://registry.npmjs.org/mz/-/mz-2.7.0.tgz. Extracting by manifest.
384 silly tarball no local data for motion-utils@https://registry.npmjs.org/motion-utils/-/motion-utils-12.23.6.tgz. Extracting by manifest.
385 silly tarball no local data for motion-dom@https://registry.npmjs.org/motion-dom/-/motion-dom-12.23.12.tgz. Extracting by manifest.
386 silly tarball no local data for minipass@https://registry.npmjs.org/minipass/-/minipass-7.1.2.tgz. Extracting by manifest.
387 silly tarball no local data for minimatch@https://registry.npmjs.org/minimatch/-/minimatch-9.0.3.tgz. Extracting by manifest.
388 silly tarball no local data for minimist@https://registry.npmjs.org/minimist/-/minimist-1.2.8.tgz. Extracting by manifest.
389 silly tarball no local data for min-indent@https://registry.npmjs.org/min-indent/-/min-indent-1.0.1.tgz. Extracting by manifest.
390 silly tarball no local data for mimic-fn@https://registry.npmjs.org/mimic-fn/-/mimic-fn-2.1.0.tgz. Extracting by manifest.
391 silly tarball no local data for mime-types@https://registry.npmjs.org/mime-types/-/mime-types-2.1.35.tgz. Extracting by manifest.
392 silly tarball no local data for micromatch@https://registry.npmjs.org/micromatch/-/micromatch-4.0.8.tgz. Extracting by manifest.
393 silly tarball no local data for mime-db@https://registry.npmjs.org/mime-db/-/mime-db-1.52.0.tgz. Extracting by manifest.
394 silly tarball no local data for merge2@https://registry.npmjs.org/merge2/-/merge2-1.4.1.tgz. Extracting by manifest.
395 silly tarball no local data for merge-refs@https://registry.npmjs.org/merge-refs/-/merge-refs-2.0.0.tgz. Extracting by manifest.
396 silly tarball no local data for merge-stream@https://registry.npmjs.org/merge-stream/-/merge-stream-2.0.0.tgz. Extracting by manifest.
397 silly tarball no local data for math-intrinsics@https://registry.npmjs.org/math-intrinsics/-/math-intrinsics-1.1.0.tgz. Extracting by manifest.
398 silly tarball no local data for makeerror@https://registry.npmjs.org/makeerror/-/makeerror-1.0.12.tgz. Extracting by manifest.
399 silly tarball no local data for make-event-props@https://registry.npmjs.org/make-event-props/-/make-event-props-2.0.0.tgz. Extracting by manifest.
400 silly tarball no local data for make-dir@https://registry.npmjs.org/make-dir/-/make-dir-4.0.0.tgz. Extracting by manifest.
401 silly tarball no local data for make-error@https://registry.npmjs.org/make-error/-/make-error-1.3.6.tgz. Extracting by manifest.
402 silly tarball no local data for make-cancellable-promise@https://registry.npmjs.org/make-cancellable-promise/-/make-cancellable-promise-2.0.0.tgz. Extracting by manifest.
403 silly tarball no local data for lz-string@https://registry.npmjs.org/lz-string/-/lz-string-1.5.0.tgz. Extracting by manifest.
404 silly tarball no local data for lucide-react@https://registry.npmjs.org/lucide-react/-/lucide-react-0.294.0.tgz. Extracting by manifest.
405 silly tarball no local data for lodash.merge@https://registry.npmjs.org/lodash.merge/-/lodash.merge-4.6.2.tgz. Extracting by manifest.
406 silly tarball no local data for loose-envify@https://registry.npmjs.org/loose-envify/-/loose-envify-1.4.0.tgz. Extracting by manifest.
407 silly tarball no local data for lodash.memoize@https://registry.npmjs.org/lodash.memoize/-/lodash.memoize-4.1.2.tgz. Extracting by manifest.
408 silly tarball no local data for locate-path@https://registry.npmjs.org/locate-path/-/locate-path-6.0.0.tgz. Extracting by manifest.
409 silly tarball no local data for lines-and-columns@https://registry.npmjs.org/lines-and-columns/-/lines-and-columns-1.2.4.tgz. Extracting by manifest.
410 silly tarball no local data for lilconfig@https://registry.npmjs.org/lilconfig/-/lilconfig-3.1.3.tgz. Extracting by manifest.
411 silly tarball no local data for lru-cache@https://registry.npmjs.org/lru-cache/-/lru-cache-10.4.3.tgz. Extracting by manifest.
412 silly tarball no local data for levn@https://registry.npmjs.org/levn/-/levn-0.4.1.tgz. Extracting by manifest.
413 silly tarball no local data for leven@https://registry.npmjs.org/leven/-/leven-3.1.0.tgz. Extracting by manifest.
414 silly tarball no local data for language-tags@https://registry.npmjs.org/language-tags/-/language-tags-1.0.9.tgz. Extracting by manifest.
415 silly tarball no local data for jsx-ast-utils@https://registry.npmjs.org/jsx-ast-utils/-/jsx-ast-utils-3.3.5.tgz. Extracting by manifest.
416 silly tarball no local data for language-subtag-registry@https://registry.npmjs.org/language-subtag-registry/-/language-subtag-registry-0.3.23.tgz. Extracting by manifest.
417 silly tarball no local data for json5@https://registry.npmjs.org/json5/-/json5-1.0.2.tgz. Extracting by manifest.
418 silly tarball no local data for json-stable-stringify-without-jsonify@https://registry.npmjs.org/json-stable-stringify-without-jsonify/-/json-stable-stringify-without-jsonify-1.0.1.tgz. Extracting by manifest.
419 silly tarball no local data for json-parse-even-better-errors@https://registry.npmjs.org/json-parse-even-better-errors/-/json-parse-even-better-errors-2.3.1.tgz. Extracting by manifest.
420 silly tarball no local data for json-buffer@https://registry.npmjs.org/json-buffer/-/json-buffer-3.0.1.tgz. Extracting by manifest.
421 silly tarball no local data for json-schema-traverse@https://registry.npmjs.org/json-schema-traverse/-/json-schema-traverse-0.4.1.tgz. Extracting by manifest.
422 silly tarball no local data for jsesc@https://registry.npmjs.org/jsesc/-/jsesc-3.1.0.tgz. Extracting by manifest.
423 silly tarball no local data for jsdom@https://registry.npmjs.org/jsdom/-/jsdom-26.1.0.tgz. Extracting by manifest.
424 silly tarball no local data for js-yaml@https://registry.npmjs.org/js-yaml/-/js-yaml-4.1.0.tgz. Extracting by manifest.
425 silly tarball no local data for js-tokens@https://registry.npmjs.org/js-tokens/-/js-tokens-4.0.0.tgz. Extracting by manifest.
426 silly tarball no local data for jose@https://registry.npmjs.org/jose/-/jose-4.15.9.tgz. Extracting by manifest.
427 silly tarball no local data for jiti@https://registry.npmjs.org/jiti/-/jiti-1.21.7.tgz. Extracting by manifest.
428 silly tarball no local data for jest-worker@https://registry.npmjs.org/jest-worker/-/jest-worker-30.1.0.tgz. Extracting by manifest.
429 silly tarball no local data for jest-watcher@https://registry.npmjs.org/jest-watcher/-/jest-watcher-30.1.3.tgz. Extracting by manifest.
430 silly tarball no local data for jest-validate@https://registry.npmjs.org/jest-validate/-/jest-validate-30.1.0.tgz. Extracting by manifest.
431 silly tarball no local data for jest-util@https://registry.npmjs.org/jest-util/-/jest-util-30.0.5.tgz. Extracting by manifest.
432 silly tarball no local data for jest-snapshot@https://registry.npmjs.org/jest-snapshot/-/jest-snapshot-30.1.2.tgz. Extracting by manifest.
433 silly tarball no local data for jest-runtime@https://registry.npmjs.org/jest-runtime/-/jest-runtime-30.1.3.tgz. Extracting by manifest.
434 silly tarball no local data for jest-runner@https://registry.npmjs.org/jest-runner/-/jest-runner-30.1.3.tgz. Extracting by manifest.
435 silly tarball no local data for jest-resolve-dependencies@https://registry.npmjs.org/jest-resolve-dependencies/-/jest-resolve-dependencies-30.1.3.tgz. Extracting by manifest.
436 silly tarball no local data for jest-resolve@https://registry.npmjs.org/jest-resolve/-/jest-resolve-30.1.3.tgz. Extracting by manifest.
437 silly tarball no local data for jest-regex-util@https://registry.npmjs.org/jest-regex-util/-/jest-regex-util-30.0.1.tgz. Extracting by manifest.
438 silly tarball no local data for jest-pnp-resolver@https://registry.npmjs.org/jest-pnp-resolver/-/jest-pnp-resolver-1.2.3.tgz. Extracting by manifest.
439 silly tarball no local data for jest-message-util@https://registry.npmjs.org/jest-message-util/-/jest-message-util-30.1.0.tgz. Extracting by manifest.
440 silly tarball no local data for jest-matcher-utils@https://registry.npmjs.org/jest-matcher-utils/-/jest-matcher-utils-30.1.2.tgz. Extracting by manifest.
441 silly tarball no local data for jest-leak-detector@https://registry.npmjs.org/jest-leak-detector/-/jest-leak-detector-30.1.0.tgz. Extracting by manifest.
442 silly tarball no local data for jest-haste-map@https://registry.npmjs.org/jest-haste-map/-/jest-haste-map-30.1.0.tgz. Extracting by manifest.
443 silly tarball no local data for jest-environment-node@https://registry.npmjs.org/jest-environment-node/-/jest-environment-node-30.1.2.tgz. Extracting by manifest.
444 silly tarball no local data for jest-environment-jsdom@https://registry.npmjs.org/jest-environment-jsdom/-/jest-environment-jsdom-30.1.2.tgz. Extracting by manifest.
445 silly tarball no local data for jest-each@https://registry.npmjs.org/jest-each/-/jest-each-30.1.0.tgz. Extracting by manifest.
446 silly tarball no local data for jest-docblock@https://registry.npmjs.org/jest-docblock/-/jest-docblock-30.0.1.tgz. Extracting by manifest.
447 silly tarball no local data for jest-diff@https://registry.npmjs.org/jest-diff/-/jest-diff-30.1.2.tgz. Extracting by manifest.
448 silly tarball no local data for jest-cli@https://registry.npmjs.org/jest-cli/-/jest-cli-30.1.3.tgz. Extracting by manifest.
449 silly tarball no local data for jest-circus@https://registry.npmjs.org/jest-circus/-/jest-circus-30.1.3.tgz. Extracting by manifest.
450 silly tarball no local data for jest-changed-files@https://registry.npmjs.org/jest-changed-files/-/jest-changed-files-30.0.5.tgz. Extracting by manifest.
451 silly tarball no local data for jest@https://registry.npmjs.org/jest/-/jest-30.1.3.tgz. Extracting by manifest.
452 silly tarball no local data for jackspeak@https://registry.npmjs.org/jackspeak/-/jackspeak-3.4.3.tgz. Extracting by manifest.
453 silly tarball no local data for iterator.prototype@https://registry.npmjs.org/iterator.prototype/-/iterator.prototype-1.1.5.tgz. Extracting by manifest.
454 silly tarball no local data for istanbul-reports@https://registry.npmjs.org/istanbul-reports/-/istanbul-reports-3.2.0.tgz. Extracting by manifest.
455 silly tarball no local data for istanbul-lib-source-maps@https://registry.npmjs.org/istanbul-lib-source-maps/-/istanbul-lib-source-maps-5.0.6.tgz. Extracting by manifest.
456 silly tarball no local data for istanbul-lib-report@https://registry.npmjs.org/istanbul-lib-report/-/istanbul-lib-report-3.0.1.tgz. Extracting by manifest.
457 silly tarball no local data for istanbul-lib-instrument@https://registry.npmjs.org/istanbul-lib-instrument/-/istanbul-lib-instrument-6.0.3.tgz. Extracting by manifest.
458 silly tarball no local data for istanbul-lib-coverage@https://registry.npmjs.org/istanbul-lib-coverage/-/istanbul-lib-coverage-3.2.2.tgz. Extracting by manifest.
459 silly tarball no local data for isexe@https://registry.npmjs.org/isexe/-/isexe-2.0.0.tgz. Extracting by manifest.
460 silly tarball no local data for isarray@https://registry.npmjs.org/isarray/-/isarray-2.0.5.tgz. Extracting by manifest.
461 silly tarball no local data for is-weakset@https://registry.npmjs.org/is-weakset/-/is-weakset-2.0.4.tgz. Extracting by manifest.
462 silly tarball no local data for is-weakref@https://registry.npmjs.org/is-weakref/-/is-weakref-1.1.1.tgz. Extracting by manifest.
463 silly tarball no local data for is-weakmap@https://registry.npmjs.org/is-weakmap/-/is-weakmap-2.0.2.tgz. Extracting by manifest.
464 silly tarball no local data for is-typed-array@https://registry.npmjs.org/is-typed-array/-/is-typed-array-1.1.15.tgz. Extracting by manifest.
465 silly tarball no local data for is-symbol@https://registry.npmjs.org/is-symbol/-/is-symbol-1.1.1.tgz. Extracting by manifest.
466 silly tarball no local data for is-string@https://registry.npmjs.org/is-string/-/is-string-1.1.1.tgz. Extracting by manifest.
467 silly tarball no local data for is-stream@https://registry.npmjs.org/is-stream/-/is-stream-2.0.1.tgz. Extracting by manifest.
468 silly tarball no local data for is-shared-array-buffer@https://registry.npmjs.org/is-shared-array-buffer/-/is-shared-array-buffer-1.0.4.tgz. Extracting by manifest.
469 silly tarball no local data for is-set@https://registry.npmjs.org/is-set/-/is-set-2.0.3.tgz. Extracting by manifest.
470 silly tarball no local data for is-regex@https://registry.npmjs.org/is-regex/-/is-regex-1.2.1.tgz. Extracting by manifest.
471 silly tarball no local data for is-potential-custom-element-name@https://registry.npmjs.org/is-potential-custom-element-name/-/is-potential-custom-element-name-1.0.1.tgz. Extracting by manifest.
472 silly tarball no local data for is-path-inside@https://registry.npmjs.org/is-path-inside/-/is-path-inside-3.0.3.tgz. Extracting by manifest.
473 silly tarball no local data for is-number-object@https://registry.npmjs.org/is-number-object/-/is-number-object-1.1.1.tgz. Extracting by manifest.
474 silly tarball no local data for is-number@https://registry.npmjs.org/is-number/-/is-number-7.0.0.tgz. Extracting by manifest.
475 silly tarball no local data for is-negative-zero@https://registry.npmjs.org/is-negative-zero/-/is-negative-zero-2.0.3.tgz. Extracting by manifest.
476 silly tarball no local data for is-map@https://registry.npmjs.org/is-map/-/is-map-2.0.3.tgz. Extracting by manifest.
477 silly tarball no local data for is-glob@https://registry.npmjs.org/is-glob/-/is-glob-4.0.3.tgz. Extracting by manifest.
478 silly tarball no local data for is-generator-function@https://registry.npmjs.org/is-generator-function/-/is-generator-function-1.1.0.tgz. Extracting by manifest.
479 silly tarball no local data for is-generator-fn@https://registry.npmjs.org/is-generator-fn/-/is-generator-fn-2.1.0.tgz. Extracting by manifest.
480 silly tarball no local data for is-finalizationregistry@https://registry.npmjs.org/is-finalizationregistry/-/is-finalizationregistry-1.1.1.tgz. Extracting by manifest.
481 silly tarball no local data for is-extglob@https://registry.npmjs.org/is-extglob/-/is-extglob-2.1.1.tgz. Extracting by manifest.
482 silly tarball no local data for is-fullwidth-code-point@https://registry.npmjs.org/is-fullwidth-code-point/-/is-fullwidth-code-point-3.0.0.tgz. Extracting by manifest.
483 silly tarball no local data for is-date-object@https://registry.npmjs.org/is-date-object/-/is-date-object-1.1.0.tgz. Extracting by manifest.
484 silly tarball no local data for is-data-view@https://registry.npmjs.org/is-data-view/-/is-data-view-1.0.2.tgz. Extracting by manifest.
485 silly tarball no local data for is-core-module@https://registry.npmjs.org/is-core-module/-/is-core-module-2.16.1.tgz. Extracting by manifest.
486 silly tarball no local data for is-callable@https://registry.npmjs.org/is-callable/-/is-callable-1.2.7.tgz. Extracting by manifest.
487 silly tarball no local data for is-bun-module@https://registry.npmjs.org/is-bun-module/-/is-bun-module-2.0.0.tgz. Extracting by manifest.
488 silly tarball no local data for is-boolean-object@https://registry.npmjs.org/is-boolean-object/-/is-boolean-object-1.2.2.tgz. Extracting by manifest.
489 silly tarball no local data for is-binary-path@https://registry.npmjs.org/is-binary-path/-/is-binary-path-2.1.0.tgz. Extracting by manifest.
490 silly tarball no local data for is-bigint@https://registry.npmjs.org/is-bigint/-/is-bigint-1.1.0.tgz. Extracting by manifest.
491 silly tarball no local data for is-async-function@https://registry.npmjs.org/is-async-function/-/is-async-function-2.1.1.tgz. Extracting by manifest.
492 silly tarball no local data for is-arrayish@https://registry.npmjs.org/is-arrayish/-/is-arrayish-0.2.1.tgz. Extracting by manifest.
493 silly tarball no local data for is-array-buffer@https://registry.npmjs.org/is-array-buffer/-/is-array-buffer-3.0.5.tgz. Extracting by manifest.
494 silly tarball no local data for internmap@https://registry.npmjs.org/internmap/-/internmap-2.0.3.tgz. Extracting by manifest.
495 silly tarball no local data for internal-slot@https://registry.npmjs.org/internal-slot/-/internal-slot-1.1.0.tgz. Extracting by manifest.
496 silly tarball no local data for inherits@https://registry.npmjs.org/inherits/-/inherits-2.0.4.tgz. Extracting by manifest.
497 silly tarball no local data for inflight@https://registry.npmjs.org/inflight/-/inflight-1.0.6.tgz. Extracting by manifest.
498 silly tarball no local data for indent-string@https://registry.npmjs.org/indent-string/-/indent-string-4.0.0.tgz. Extracting by manifest.
499 silly tarball no local data for imurmurhash@https://registry.npmjs.org/imurmurhash/-/imurmurhash-0.1.4.tgz. Extracting by manifest.
500 silly tarball no local data for import-local@https://registry.npmjs.org/import-local/-/import-local-3.2.0.tgz. Extracting by manifest.
501 silly tarball no local data for import-fresh@https://registry.npmjs.org/import-fresh/-/import-fresh-3.3.1.tgz. Extracting by manifest.
502 silly tarball no local data for immer@https://registry.npmjs.org/immer/-/immer-10.1.3.tgz. Extracting by manifest.
503 silly tarball no local data for ignore@https://registry.npmjs.org/ignore/-/ignore-5.3.2.tgz. Extracting by manifest.
504 silly tarball no local data for iconv-lite@https://registry.npmjs.org/iconv-lite/-/iconv-lite-0.6.3.tgz. Extracting by manifest.
505 silly tarball no local data for https-proxy-agent@https://registry.npmjs.org/https-proxy-agent/-/https-proxy-agent-7.0.6.tgz. Extracting by manifest.
506 silly tarball no local data for human-signals@https://registry.npmjs.org/human-signals/-/human-signals-2.1.0.tgz. Extracting by manifest.
507 silly tarball no local data for http-proxy-agent@https://registry.npmjs.org/http-proxy-agent/-/http-proxy-agent-7.0.2.tgz. Extracting by manifest.
508 silly tarball no local data for html-escaper@https://registry.npmjs.org/html-escaper/-/html-escaper-2.0.2.tgz. Extracting by manifest.
509 silly tarball no local data for html-encoding-sniffer@https://registry.npmjs.org/html-encoding-sniffer/-/html-encoding-sniffer-4.0.0.tgz. Extracting by manifest.
510 silly tarball no local data for hasown@https://registry.npmjs.org/hasown/-/hasown-2.0.2.tgz. Extracting by manifest.
511 silly tarball no local data for has-tostringtag@https://registry.npmjs.org/has-tostringtag/-/has-tostringtag-1.0.2.tgz. Extracting by manifest.
512 silly tarball no local data for has-proto@https://registry.npmjs.org/has-proto/-/has-proto-1.2.0.tgz. Extracting by manifest.
513 silly tarball no local data for has-symbols@https://registry.npmjs.org/has-symbols/-/has-symbols-1.1.0.tgz. Extracting by manifest.
514 silly tarball no local data for has-property-descriptors@https://registry.npmjs.org/has-property-descriptors/-/has-property-descriptors-1.0.2.tgz. Extracting by manifest.
515 silly tarball no local data for has-flag@https://registry.npmjs.org/has-flag/-/has-flag-4.0.0.tgz. Extracting by manifest.
516 silly tarball no local data for has-bigints@https://registry.npmjs.org/has-bigints/-/has-bigints-1.1.0.tgz. Extracting by manifest.
517 silly tarball no local data for handlebars@https://registry.npmjs.org/handlebars/-/handlebars-4.7.8.tgz. Extracting by manifest.
518 silly tarball no local data for graceful-fs@https://registry.npmjs.org/graceful-fs/-/graceful-fs-4.2.11.tgz. Extracting by manifest.
519 silly tarball no local data for gopd@https://registry.npmjs.org/gopd/-/gopd-1.2.0.tgz. Extracting by manifest.
520 silly tarball no local data for graphemer@https://registry.npmjs.org/graphemer/-/graphemer-1.4.0.tgz. Extracting by manifest.
521 silly tarball no local data for goober@https://registry.npmjs.org/goober/-/goober-2.1.16.tgz. Extracting by manifest.
522 silly tarball no local data for globby@https://registry.npmjs.org/globby/-/globby-11.1.0.tgz. Extracting by manifest.
523 silly tarball no local data for globalthis@https://registry.npmjs.org/globalthis/-/globalthis-1.0.4.tgz. Extracting by manifest.
524 silly tarball no local data for globals@https://registry.npmjs.org/globals/-/globals-13.24.0.tgz. Extracting by manifest.
525 silly tarball no local data for glob-parent@https://registry.npmjs.org/glob-parent/-/glob-parent-6.0.2.tgz. Extracting by manifest.
526 silly tarball no local data for glob@https://registry.npmjs.org/glob/-/glob-7.1.7.tgz. Extracting by manifest.
527 silly tarball no local data for get-tsconfig@https://registry.npmjs.org/get-tsconfig/-/get-tsconfig-4.10.1.tgz. Extracting by manifest.
528 silly tarball no local data for get-symbol-description@https://registry.npmjs.org/get-symbol-description/-/get-symbol-description-1.1.0.tgz. Extracting by manifest.
529 silly tarball no local data for get-stream@https://registry.npmjs.org/get-stream/-/get-stream-6.0.1.tgz. Extracting by manifest.
530 silly tarball no local data for get-proto@https://registry.npmjs.org/get-proto/-/get-proto-1.0.1.tgz. Extracting by manifest.
531 silly tarball no local data for get-package-type@https://registry.npmjs.org/get-package-type/-/get-package-type-0.1.0.tgz. Extracting by manifest.
532 silly tarball no local data for get-intrinsic@https://registry.npmjs.org/get-intrinsic/-/get-intrinsic-1.3.0.tgz. Extracting by manifest.
533 silly tarball no local data for get-nonce@https://registry.npmjs.org/get-nonce/-/get-nonce-1.0.1.tgz. Extracting by manifest.
534 silly tarball no local data for gensync@https://registry.npmjs.org/gensync/-/gensync-1.0.0-beta.2.tgz. Extracting by manifest.
535 silly tarball no local data for get-caller-file@https://registry.npmjs.org/get-caller-file/-/get-caller-file-2.0.5.tgz. Extracting by manifest.
536 silly tarball no local data for function.prototype.name@https://registry.npmjs.org/function.prototype.name/-/function.prototype.name-1.1.8.tgz. Extracting by manifest.
537 silly tarball no local data for function-bind@https://registry.npmjs.org/function-bind/-/function-bind-1.1.2.tgz. Extracting by manifest.
538 silly tarball no local data for fs.realpath@https://registry.npmjs.org/fs.realpath/-/fs.realpath-1.0.0.tgz. Extracting by manifest.
539 silly tarball no local data for functions-have-names@https://registry.npmjs.org/functions-have-names/-/functions-have-names-1.2.3.tgz. Extracting by manifest.
540 silly tarball no local data for framer-motion@https://registry.npmjs.org/framer-motion/-/framer-motion-12.23.16.tgz. Extracting by manifest.
541 silly tarball no local data for form-data@https://registry.npmjs.org/form-data/-/form-data-4.0.4.tgz. Extracting by manifest.
542 silly tarball no local data for for-each@https://registry.npmjs.org/for-each/-/for-each-0.3.5.tgz. Extracting by manifest.
543 silly tarball no local data for foreground-child@https://registry.npmjs.org/foreground-child/-/foreground-child-3.3.1.tgz. Extracting by manifest.
544 silly tarball no local data for glob-to-regexp@https://registry.npmjs.org/glob-to-regexp/-/glob-to-regexp-0.4.1.tgz. Extracting by manifest.
545 silly tarball no local data for flatted@https://registry.npmjs.org/flatted/-/flatted-3.3.3.tgz. Extracting by manifest.
546 silly tarball no local data for follow-redirects@https://registry.npmjs.org/follow-redirects/-/follow-redirects-1.15.11.tgz. Extracting by manifest.
547 silly tarball no local data for flat-cache@https://registry.npmjs.org/flat-cache/-/flat-cache-3.2.0.tgz. Extracting by manifest.
548 silly tarball no local data for find-up@https://registry.npmjs.org/find-up/-/find-up-5.0.0.tgz. Extracting by manifest.
549 silly tarball no local data for fill-range@https://registry.npmjs.org/fill-range/-/fill-range-7.1.1.tgz. Extracting by manifest.
550 silly tarball no local data for file-entry-cache@https://registry.npmjs.org/file-entry-cache/-/file-entry-cache-6.0.1.tgz. Extracting by manifest.
551 silly tarball no local data for fb-watchman@https://registry.npmjs.org/fb-watchman/-/fb-watchman-2.0.2.tgz. Extracting by manifest.
552 silly tarball no local data for fastq@https://registry.npmjs.org/fastq/-/fastq-1.19.1.tgz. Extracting by manifest.
553 silly tarball no local data for fast-levenshtein@https://registry.npmjs.org/fast-levenshtein/-/fast-levenshtein-2.0.6.tgz. Extracting by manifest.
554 silly tarball no local data for fast-glob@https://registry.npmjs.org/fast-glob/-/fast-glob-3.3.3.tgz. Extracting by manifest.
555 silly tarball no local data for fast-json-stable-stringify@https://registry.npmjs.org/fast-json-stable-stringify/-/fast-json-stable-stringify-2.1.0.tgz. Extracting by manifest.
556 silly tarball no local data for fast-deep-equal@https://registry.npmjs.org/fast-deep-equal/-/fast-deep-equal-3.1.3.tgz. Extracting by manifest.
557 silly tarball no local data for expect@https://registry.npmjs.org/expect/-/expect-30.1.2.tgz. Extracting by manifest.
558 silly tarball no local data for exit-x@https://registry.npmjs.org/exit-x/-/exit-x-0.2.2.tgz. Extracting by manifest.
559 silly tarball no local data for execa@https://registry.npmjs.org/execa/-/execa-5.1.1.tgz. Extracting by manifest.
560 silly tarball no local data for eventemitter3@https://registry.npmjs.org/eventemitter3/-/eventemitter3-5.0.1.tgz. Extracting by manifest.
561 silly tarball no local data for esutils@https://registry.npmjs.org/esutils/-/esutils-2.0.3.tgz. Extracting by manifest.
562 silly tarball no local data for esrecurse@https://registry.npmjs.org/esrecurse/-/esrecurse-4.3.0.tgz. Extracting by manifest.
563 silly tarball no local data for estraverse@https://registry.npmjs.org/estraverse/-/estraverse-5.3.0.tgz. Extracting by manifest.
564 silly tarball no local data for esquery@https://registry.npmjs.org/esquery/-/esquery-1.6.0.tgz. Extracting by manifest.
565 silly tarball no local data for esprima@https://registry.npmjs.org/esprima/-/esprima-4.0.1.tgz. Extracting by manifest.
566 silly tarball no local data for espree@https://registry.npmjs.org/espree/-/espree-9.6.1.tgz. Extracting by manifest.
567 silly tarball no local data for eslint-visitor-keys@https://registry.npmjs.org/eslint-visitor-keys/-/eslint-visitor-keys-3.4.3.tgz. Extracting by manifest.
568 silly tarball no local data for eslint-scope@https://registry.npmjs.org/eslint-scope/-/eslint-scope-7.2.2.tgz. Extracting by manifest.
569 silly tarball no local data for eslint-plugin-react-hooks@https://registry.npmjs.org/eslint-plugin-react-hooks/-/eslint-plugin-react-hooks-5.0.0-canary-7118f5dd7-20230705.tgz. Extracting by manifest.
570 silly tarball no local data for eslint-plugin-react@https://registry.npmjs.org/eslint-plugin-react/-/eslint-plugin-react-7.37.5.tgz. Extracting by manifest.
571 silly tarball no local data for eslint-plugin-import@https://registry.npmjs.org/eslint-plugin-import/-/eslint-plugin-import-2.32.0.tgz. Extracting by manifest.
572 silly tarball no local data for eslint-plugin-jsx-a11y@https://registry.npmjs.org/eslint-plugin-jsx-a11y/-/eslint-plugin-jsx-a11y-6.10.2.tgz. Extracting by manifest.
573 silly tarball no local data for eslint-module-utils@https://registry.npmjs.org/eslint-module-utils/-/eslint-module-utils-2.12.1.tgz. Extracting by manifest.
574 silly tarball no local data for eslint-config-next@https://registry.npmjs.org/eslint-config-next/-/eslint-config-next-14.0.4.tgz. Extracting by manifest.
575 silly tarball no local data for eslint-import-resolver-node@https://registry.npmjs.org/eslint-import-resolver-node/-/eslint-import-resolver-node-0.3.9.tgz. Extracting by manifest.
576 silly tarball no local data for eslint@https://registry.npmjs.org/eslint/-/eslint-8.57.1.tgz. Extracting by manifest.
577 silly tarball no local data for escape-string-regexp@https://registry.npmjs.org/escape-string-regexp/-/escape-string-regexp-4.0.0.tgz. Extracting by manifest.
578 silly tarball no local data for escalade@https://registry.npmjs.org/escalade/-/escalade-3.2.0.tgz. Extracting by manifest.
579 silly tarball no local data for es-to-primitive@https://registry.npmjs.org/es-to-primitive/-/es-to-primitive-1.3.0.tgz. Extracting by manifest.
580 silly tarball no local data for es-shim-unscopables@https://registry.npmjs.org/es-shim-unscopables/-/es-shim-unscopables-1.1.0.tgz. Extracting by manifest.
581 silly tarball no local data for es-set-tostringtag@https://registry.npmjs.org/es-set-tostringtag/-/es-set-tostringtag-2.1.0.tgz. Extracting by manifest.
582 silly tarball no local data for es-object-atoms@https://registry.npmjs.org/es-object-atoms/-/es-object-atoms-1.1.1.tgz. Extracting by manifest.
583 silly tarball no local data for es-iterator-helpers@https://registry.npmjs.org/es-iterator-helpers/-/es-iterator-helpers-1.2.1.tgz. Extracting by manifest.
584 silly tarball no local data for es-errors@https://registry.npmjs.org/es-errors/-/es-errors-1.3.0.tgz. Extracting by manifest.
585 silly tarball no local data for es-define-property@https://registry.npmjs.org/es-define-property/-/es-define-property-1.0.1.tgz. Extracting by manifest.
586 silly tarball no local data for es-abstract@https://registry.npmjs.org/es-abstract/-/es-abstract-1.24.0.tgz. Extracting by manifest.
587 silly tarball no local data for error-ex@https://registry.npmjs.org/error-ex/-/error-ex-1.3.4.tgz. Extracting by manifest.
588 silly tarball no local data for entities@https://registry.npmjs.org/entities/-/entities-6.0.1.tgz. Extracting by manifest.
589 silly tarball no local data for emoji-regex@https://registry.npmjs.org/emoji-regex/-/emoji-regex-9.2.2.tgz. Extracting by manifest.
590 silly tarball no local data for electron-to-chromium@https://registry.npmjs.org/electron-to-chromium/-/electron-to-chromium-1.5.221.tgz. Extracting by manifest.
591 silly tarball no local data for emittery@https://registry.npmjs.org/emittery/-/emittery-0.13.1.tgz. Extracting by manifest.
592 silly tarball no local data for eastasianwidth@https://registry.npmjs.org/eastasianwidth/-/eastasianwidth-0.2.0.tgz. Extracting by manifest.
593 silly tarball no local data for dunder-proto@https://registry.npmjs.org/dunder-proto/-/dunder-proto-1.0.1.tgz. Extracting by manifest.
594 silly tarball no local data for dom-accessibility-api@https://registry.npmjs.org/dom-accessibility-api/-/dom-accessibility-api-0.5.16.tgz. Extracting by manifest.
595 silly tarball no local data for doctrine@https://registry.npmjs.org/doctrine/-/doctrine-3.0.0.tgz. Extracting by manifest.
596 silly tarball no local data for dlv@https://registry.npmjs.org/dlv/-/dlv-1.1.3.tgz. Extracting by manifest.
597 silly tarball no local data for dir-glob@https://registry.npmjs.org/dir-glob/-/dir-glob-3.0.1.tgz. Extracting by manifest.
598 silly tarball no local data for didyoumean@https://registry.npmjs.org/didyoumean/-/didyoumean-1.2.2.tgz. Extracting by manifest.
599 silly tarball no local data for detect-node-es@https://registry.npmjs.org/detect-node-es/-/detect-node-es-1.1.0.tgz. Extracting by manifest.
600 silly tarball no local data for detect-newline@https://registry.npmjs.org/detect-newline/-/detect-newline-3.1.0.tgz. Extracting by manifest.
601 silly tarball no local data for delayed-stream@https://registry.npmjs.org/delayed-stream/-/delayed-stream-1.0.0.tgz. Extracting by manifest.
602 silly tarball no local data for dequal@https://registry.npmjs.org/dequal/-/dequal-2.0.3.tgz. Extracting by manifest.
603 silly tarball no local data for define-properties@https://registry.npmjs.org/define-properties/-/define-properties-1.2.1.tgz. Extracting by manifest.
604 silly tarball no local data for define-data-property@https://registry.npmjs.org/define-data-property/-/define-data-property-1.1.4.tgz. Extracting by manifest.
605 silly tarball no local data for deepmerge@https://registry.npmjs.org/deepmerge/-/deepmerge-4.3.1.tgz. Extracting by manifest.
606 silly tarball no local data for deep-is@https://registry.npmjs.org/deep-is/-/deep-is-0.1.4.tgz. Extracting by manifest.
607 silly tarball no local data for dedent@https://registry.npmjs.org/dedent/-/dedent-1.7.0.tgz. Extracting by manifest.
608 silly tarball no local data for decimal.js-light@https://registry.npmjs.org/decimal.js-light/-/decimal.js-light-2.5.1.tgz. Extracting by manifest.
609 silly tarball no local data for decimal.js@https://registry.npmjs.org/decimal.js/-/decimal.js-10.6.0.tgz. Extracting by manifest.
610 silly tarball no local data for debug@https://registry.npmjs.org/debug/-/debug-4.4.3.tgz. Extracting by manifest.
611 silly tarball no local data for data-view-byte-offset@https://registry.npmjs.org/data-view-byte-offset/-/data-view-byte-offset-1.0.1.tgz. Extracting by manifest.
612 silly tarball no local data for data-view-byte-length@https://registry.npmjs.org/data-view-byte-length/-/data-view-byte-length-1.0.2.tgz. Extracting by manifest.
613 silly tarball no local data for data-view-buffer@https://registry.npmjs.org/data-view-buffer/-/data-view-buffer-1.0.2.tgz. Extracting by manifest.
614 silly tarball no local data for data-urls@https://registry.npmjs.org/data-urls/-/data-urls-5.0.0.tgz. Extracting by manifest.
615 silly tarball no local data for damerau-levenshtein@https://registry.npmjs.org/damerau-levenshtein/-/damerau-levenshtein-1.0.8.tgz. Extracting by manifest.
616 silly tarball no local data for d3-timer@https://registry.npmjs.org/d3-timer/-/d3-timer-3.0.1.tgz. Extracting by manifest.
617 silly tarball no local data for d3-time-format@https://registry.npmjs.org/d3-time-format/-/d3-time-format-4.1.0.tgz. Extracting by manifest.
618 silly tarball no local data for d3-time@https://registry.npmjs.org/d3-time/-/d3-time-3.1.0.tgz. Extracting by manifest.
619 silly tarball no local data for d3-shape@https://registry.npmjs.org/d3-shape/-/d3-shape-3.2.0.tgz. Extracting by manifest.
620 silly tarball no local data for d3-path@https://registry.npmjs.org/d3-path/-/d3-path-3.1.0.tgz. Extracting by manifest.
621 silly tarball no local data for d3-interpolate@https://registry.npmjs.org/d3-interpolate/-/d3-interpolate-3.0.1.tgz. Extracting by manifest.
622 silly tarball no local data for d3-scale@https://registry.npmjs.org/d3-scale/-/d3-scale-4.0.2.tgz. Extracting by manifest.
623 silly tarball no local data for d3-format@https://registry.npmjs.org/d3-format/-/d3-format-3.1.0.tgz. Extracting by manifest.
624 silly tarball no local data for d3-ease@https://registry.npmjs.org/d3-ease/-/d3-ease-3.0.1.tgz. Extracting by manifest.
625 silly tarball no local data for d3-color@https://registry.npmjs.org/d3-color/-/d3-color-3.1.0.tgz. Extracting by manifest.
626 silly tarball no local data for d3-array@https://registry.npmjs.org/d3-array/-/d3-array-3.2.4.tgz. Extracting by manifest.
627 silly tarball no local data for csstype@https://registry.npmjs.org/csstype/-/csstype-3.1.3.tgz. Extracting by manifest.
628 silly tarball no local data for cssstyle@https://registry.npmjs.org/cssstyle/-/cssstyle-4.6.0.tgz. Extracting by manifest.
629 silly tarball no local data for cssesc@https://registry.npmjs.org/cssesc/-/cssesc-3.0.0.tgz. Extracting by manifest.
630 silly tarball no local data for css.escape@https://registry.npmjs.org/css.escape/-/css.escape-1.5.1.tgz. Extracting by manifest.
631 silly tarball no local data for cross-spawn@https://registry.npmjs.org/cross-spawn/-/cross-spawn-7.0.6.tgz. Extracting by manifest.
632 silly tarball no local data for cookie@https://registry.npmjs.org/cookie/-/cookie-0.7.2.tgz. Extracting by manifest.
633 silly tarball no local data for convert-source-map@https://registry.npmjs.org/convert-source-map/-/convert-source-map-2.0.0.tgz. Extracting by manifest.
634 silly tarball no local data for concat-map@https://registry.npmjs.org/concat-map/-/concat-map-0.0.1.tgz. Extracting by manifest.
635 silly tarball no local data for commander@https://registry.npmjs.org/commander/-/commander-4.1.1.tgz. Extracting by manifest.
636 silly tarball no local data for combined-stream@https://registry.npmjs.org/combined-stream/-/combined-stream-1.0.8.tgz. Extracting by manifest.
637 silly tarball no local data for color-name@https://registry.npmjs.org/color-name/-/color-name-1.1.4.tgz. Extracting by manifest.
638 silly tarball no local data for color-convert@https://registry.npmjs.org/color-convert/-/color-convert-2.0.1.tgz. Extracting by manifest.
639 silly tarball no local data for collect-v8-coverage@https://registry.npmjs.org/collect-v8-coverage/-/collect-v8-coverage-1.0.2.tgz. Extracting by manifest.
640 silly tarball no local data for co@https://registry.npmjs.org/co/-/co-4.6.0.tgz. Extracting by manifest.
641 silly tarball no local data for clsx@https://registry.npmjs.org/clsx/-/clsx-2.1.1.tgz. Extracting by manifest.
642 silly tarball no local data for cliui@https://registry.npmjs.org/cliui/-/cliui-8.0.1.tgz. Extracting by manifest.
643 silly tarball no local data for client-only@https://registry.npmjs.org/client-only/-/client-only-0.0.1.tgz. Extracting by manifest.
644 silly tarball no local data for cjs-module-lexer@https://registry.npmjs.org/cjs-module-lexer/-/cjs-module-lexer-2.1.0.tgz. Extracting by manifest.
645 silly tarball no local data for class-variance-authority@https://registry.npmjs.org/class-variance-authority/-/class-variance-authority-0.7.1.tgz. Extracting by manifest.
646 silly tarball no local data for ci-info@https://registry.npmjs.org/ci-info/-/ci-info-4.3.0.tgz. Extracting by manifest.
647 silly tarball no local data for chokidar@https://registry.npmjs.org/chokidar/-/chokidar-3.6.0.tgz. Extracting by manifest.
648 silly tarball no local data for chalk@https://registry.npmjs.org/chalk/-/chalk-4.1.2.tgz. Extracting by manifest.
649 silly tarball no local data for char-regex@https://registry.npmjs.org/char-regex/-/char-regex-1.0.2.tgz. Extracting by manifest.
650 silly tarball no local data for caniuse-lite@https://registry.npmjs.org/caniuse-lite/-/caniuse-lite-1.0.30001743.tgz. Extracting by manifest.
651 silly tarball no local data for camelcase-css@https://registry.npmjs.org/camelcase-css/-/camelcase-css-2.0.1.tgz. Extracting by manifest.
652 silly tarball no local data for camelcase@https://registry.npmjs.org/camelcase/-/camelcase-5.3.1.tgz. Extracting by manifest.
653 silly tarball no local data for callsites@https://registry.npmjs.org/callsites/-/callsites-3.1.0.tgz. Extracting by manifest.
654 silly tarball no local data for call-bound@https://registry.npmjs.org/call-bound/-/call-bound-1.0.4.tgz. Extracting by manifest.
655 silly tarball no local data for call-bind-apply-helpers@https://registry.npmjs.org/call-bind-apply-helpers/-/call-bind-apply-helpers-1.0.2.tgz. Extracting by manifest.
656 silly tarball no local data for call-bind@https://registry.npmjs.org/call-bind/-/call-bind-1.0.8.tgz. Extracting by manifest.
657 silly tarball no local data for busboy@https://registry.npmjs.org/busboy/-/busboy-1.6.0.tgz. Extracting by manifest.
658 silly tarball no local data for buffer-from@https://registry.npmjs.org/buffer-from/-/buffer-from-1.1.2.tgz. Extracting by manifest.
659 silly tarball no local data for bser@https://registry.npmjs.org/bser/-/bser-2.1.1.tgz. Extracting by manifest.
660 silly tarball no local data for browserslist@https://registry.npmjs.org/browserslist/-/browserslist-4.26.2.tgz. Extracting by manifest.
661 silly tarball no local data for bs-logger@https://registry.npmjs.org/bs-logger/-/bs-logger-0.2.6.tgz. Extracting by manifest.
662 silly tarball no local data for braces@https://registry.npmjs.org/braces/-/braces-3.0.3.tgz. Extracting by manifest.
663 silly tarball no local data for brace-expansion@https://registry.npmjs.org/brace-expansion/-/brace-expansion-2.0.2.tgz. Extracting by manifest.
664 silly tarball no local data for binary-extensions@https://registry.npmjs.org/binary-extensions/-/binary-extensions-2.3.0.tgz. Extracting by manifest.
665 silly tarball no local data for baseline-browser-mapping@https://registry.npmjs.org/baseline-browser-mapping/-/baseline-browser-mapping-2.8.5.tgz. Extracting by manifest.
666 silly tarball no local data for babel-preset-jest@https://registry.npmjs.org/babel-preset-jest/-/babel-preset-jest-30.0.1.tgz. Extracting by manifest.
667 silly tarball no local data for balanced-match@https://registry.npmjs.org/balanced-match/-/balanced-match-1.0.2.tgz. Extracting by manifest.
668 silly tarball no local data for babel-plugin-jest-hoist@https://registry.npmjs.org/babel-plugin-jest-hoist/-/babel-plugin-jest-hoist-30.0.1.tgz. Extracting by manifest.
669 silly tarball no local data for babel-plugin-istanbul@https://registry.npmjs.org/babel-plugin-istanbul/-/babel-plugin-istanbul-7.0.1.tgz. Extracting by manifest.
670 silly tarball no local data for babel-jest@https://registry.npmjs.org/babel-jest/-/babel-jest-30.1.2.tgz. Extracting by manifest.
671 silly tarball no local data for axobject-query@https://registry.npmjs.org/axobject-query/-/axobject-query-4.1.0.tgz. Extracting by manifest.
672 silly tarball no local data for babel-preset-current-node-syntax@https://registry.npmjs.org/babel-preset-current-node-syntax/-/babel-preset-current-node-syntax-1.2.0.tgz. Extracting by manifest.
673 silly tarball no local data for axios@https://registry.npmjs.org/axios/-/axios-1.12.2.tgz. Extracting by manifest.
674 silly tarball no local data for axe-core@https://registry.npmjs.org/axe-core/-/axe-core-4.10.3.tgz. Extracting by manifest.
675 silly tarball no local data for available-typed-arrays@https://registry.npmjs.org/available-typed-arrays/-/available-typed-arrays-1.0.7.tgz. Extracting by manifest.
676 silly tarball no local data for asynckit@https://registry.npmjs.org/asynckit/-/asynckit-0.4.0.tgz. Extracting by manifest.
677 silly tarball no local data for autoprefixer@https://registry.npmjs.org/autoprefixer/-/autoprefixer-10.4.21.tgz. Extracting by manifest.
678 silly tarball no local data for async-function@https://registry.npmjs.org/async-function/-/async-function-1.0.0.tgz. Extracting by manifest.
679 silly tarball no local data for ast-types-flow@https://registry.npmjs.org/ast-types-flow/-/ast-types-flow-0.0.8.tgz. Extracting by manifest.
680 silly tarball no local data for arraybuffer.prototype.slice@https://registry.npmjs.org/arraybuffer.prototype.slice/-/arraybuffer.prototype.slice-1.0.4.tgz. Extracting by manifest.
681 silly tarball no local data for array.prototype.flatmap@https://registry.npmjs.org/array.prototype.flatmap/-/array.prototype.flatmap-1.3.3.tgz. Extracting by manifest.
682 silly tarball no local data for array.prototype.tosorted@https://registry.npmjs.org/array.prototype.tosorted/-/array.prototype.tosorted-1.1.4.tgz. Extracting by manifest.
683 silly tarball no local data for array.prototype.findlastindex@https://registry.npmjs.org/array.prototype.findlastindex/-/array.prototype.findlastindex-1.2.6.tgz. Extracting by manifest.
684 silly tarball no local data for array-union@https://registry.npmjs.org/array-union/-/array-union-2.1.0.tgz. Extracting by manifest.
685 silly tarball no local data for array.prototype.findlast@https://registry.npmjs.org/array.prototype.findlast/-/array.prototype.findlast-1.2.5.tgz. Extracting by manifest.
686 silly tarball no local data for array-includes@https://registry.npmjs.org/array-includes/-/array-includes-3.1.9.tgz. Extracting by manifest.
687 silly tarball no local data for array-buffer-byte-length@https://registry.npmjs.org/array-buffer-byte-length/-/array-buffer-byte-length-1.0.2.tgz. Extracting by manifest.
688 silly tarball no local data for aria-query@https://registry.npmjs.org/aria-query/-/aria-query-5.3.2.tgz. Extracting by manifest.
689 silly tarball no local data for aria-hidden@https://registry.npmjs.org/aria-hidden/-/aria-hidden-1.2.6.tgz. Extracting by manifest.
690 silly tarball no local data for argparse@https://registry.npmjs.org/argparse/-/argparse-2.0.1.tgz. Extracting by manifest.
691 silly tarball no local data for arg@https://registry.npmjs.org/arg/-/arg-5.0.2.tgz. Extracting by manifest.
692 silly tarball no local data for anymatch@https://registry.npmjs.org/anymatch/-/anymatch-3.1.3.tgz. Extracting by manifest.
693 silly tarball no local data for any-promise@https://registry.npmjs.org/any-promise/-/any-promise-1.3.0.tgz. Extracting by manifest.
694 silly tarball no local data for ansi-styles@https://registry.npmjs.org/ansi-styles/-/ansi-styles-4.3.0.tgz. Extracting by manifest.
695 silly tarball no local data for ansi-regex@https://registry.npmjs.org/ansi-regex/-/ansi-regex-5.0.1.tgz. Extracting by manifest.
696 silly tarball no local data for ansi-escapes@https://registry.npmjs.org/ansi-escapes/-/ansi-escapes-4.3.2.tgz. Extracting by manifest.
697 silly tarball no local data for ajv@https://registry.npmjs.org/ajv/-/ajv-6.12.6.tgz. Extracting by manifest.
698 silly tarball no local data for acorn-jsx@https://registry.npmjs.org/acorn-jsx/-/acorn-jsx-5.3.2.tgz. Extracting by manifest.
699 silly tarball no local data for agent-base@https://registry.npmjs.org/agent-base/-/agent-base-7.1.4.tgz. Extracting by manifest.
700 silly tarball no local data for acorn@https://registry.npmjs.org/acorn/-/acorn-8.15.0.tgz. Extracting by manifest.
701 silly tarball no local data for @unrs/resolver-binding-linux-x64-musl@https://registry.npmjs.org/@unrs/resolver-binding-linux-x64-musl/-/resolver-binding-linux-x64-musl-1.11.1.tgz. Extracting by manifest.
702 silly tarball no local data for @unrs/resolver-binding-linux-x64-gnu@https://registry.npmjs.org/@unrs/resolver-binding-linux-x64-gnu/-/resolver-binding-linux-x64-gnu-1.11.1.tgz. Extracting by manifest.
703 silly tarball no local data for @typescript-eslint/utils@https://registry.npmjs.org/@typescript-eslint/utils/-/utils-6.21.0.tgz. Extracting by manifest.
704 silly tarball no local data for @typescript-eslint/typescript-estree@https://registry.npmjs.org/@typescript-eslint/typescript-estree/-/typescript-estree-6.21.0.tgz. Extracting by manifest.
705 silly tarball no local data for @typescript-eslint/types@https://registry.npmjs.org/@typescript-eslint/types/-/types-6.21.0.tgz. Extracting by manifest.
706 silly tarball no local data for @typescript-eslint/type-utils@https://registry.npmjs.org/@typescript-eslint/type-utils/-/type-utils-6.21.0.tgz. Extracting by manifest.
707 silly tarball no local data for @typescript-eslint/scope-manager@https://registry.npmjs.org/@typescript-eslint/scope-manager/-/scope-manager-6.21.0.tgz. Extracting by manifest.
708 silly tarball no local data for @typescript-eslint/parser@https://registry.npmjs.org/@typescript-eslint/parser/-/parser-6.21.0.tgz. Extracting by manifest.
709 silly tarball no local data for @typescript-eslint/eslint-plugin@https://registry.npmjs.org/@typescript-eslint/eslint-plugin/-/eslint-plugin-6.21.0.tgz. Extracting by manifest.
710 silly tarball no local data for @types/yargs-parser@https://registry.npmjs.org/@types/yargs-parser/-/yargs-parser-21.0.3.tgz. Extracting by manifest.
711 silly tarball no local data for @types/yargs@https://registry.npmjs.org/@types/yargs/-/yargs-17.0.33.tgz. Extracting by manifest.
712 silly tarball no local data for @types/use-sync-external-store@https://registry.npmjs.org/@types/use-sync-external-store/-/use-sync-external-store-0.0.6.tgz. Extracting by manifest.
713 silly tarball no local data for @types/tough-cookie@https://registry.npmjs.org/@types/tough-cookie/-/tough-cookie-4.0.5.tgz. Extracting by manifest.
714 silly tarball no local data for @types/stack-utils@https://registry.npmjs.org/@types/stack-utils/-/stack-utils-2.0.3.tgz. Extracting by manifest.
715 silly tarball no local data for @types/semver@https://registry.npmjs.org/@types/semver/-/semver-7.7.1.tgz. Extracting by manifest.
716 silly tarball no local data for @types/react-dom@https://registry.npmjs.org/@types/react-dom/-/react-dom-18.3.7.tgz. Extracting by manifest.
717 silly tarball no local data for @types/react@https://registry.npmjs.org/@types/react/-/react-18.3.24.tgz. Extracting by manifest.
718 silly tarball no local data for @types/prop-types@https://registry.npmjs.org/@types/prop-types/-/prop-types-15.7.15.tgz. Extracting by manifest.
719 silly tarball no local data for @types/node@https://registry.npmjs.org/@types/node/-/node-20.19.16.tgz. Extracting by manifest.
720 silly tarball no local data for @types/json5@https://registry.npmjs.org/@types/json5/-/json5-0.0.29.tgz. Extracting by manifest.
721 silly tarball no local data for @types/json-schema@https://registry.npmjs.org/@types/json-schema/-/json-schema-7.0.15.tgz. Extracting by manifest.
722 silly tarball no local data for @types/jsdom@https://registry.npmjs.org/@types/jsdom/-/jsdom-21.1.7.tgz. Extracting by manifest.
723 silly tarball no local data for @types/istanbul-reports@https://registry.npmjs.org/@types/istanbul-reports/-/istanbul-reports-3.0.4.tgz. Extracting by manifest.
724 silly tarball no local data for @types/istanbul-lib-report@https://registry.npmjs.org/@types/istanbul-lib-report/-/istanbul-lib-report-3.0.3.tgz. Extracting by manifest.
725 silly tarball no local data for @types/istanbul-lib-coverage@https://registry.npmjs.org/@types/istanbul-lib-coverage/-/istanbul-lib-coverage-2.0.6.tgz. Extracting by manifest.
726 silly tarball no local data for @types/d3-timer@https://registry.npmjs.org/@types/d3-timer/-/d3-timer-3.0.2.tgz. Extracting by manifest.
727 silly tarball no local data for @types/d3-time@https://registry.npmjs.org/@types/d3-time/-/d3-time-3.0.4.tgz. Extracting by manifest.
728 silly tarball no local data for @types/d3-shape@https://registry.npmjs.org/@types/d3-shape/-/d3-shape-3.1.7.tgz. Extracting by manifest.
729 silly tarball no local data for @types/d3-scale@https://registry.npmjs.org/@types/d3-scale/-/d3-scale-4.0.9.tgz. Extracting by manifest.
730 silly tarball no local data for @types/d3-path@https://registry.npmjs.org/@types/d3-path/-/d3-path-3.1.1.tgz. Extracting by manifest.
731 silly tarball no local data for @types/d3-interpolate@https://registry.npmjs.org/@types/d3-interpolate/-/d3-interpolate-3.0.4.tgz. Extracting by manifest.
732 silly tarball no local data for @types/d3-ease@https://registry.npmjs.org/@types/d3-ease/-/d3-ease-3.0.2.tgz. Extracting by manifest.
733 silly tarball no local data for @types/d3-color@https://registry.npmjs.org/@types/d3-color/-/d3-color-3.1.3.tgz. Extracting by manifest.
734 silly tarball no local data for @types/d3-array@https://registry.npmjs.org/@types/d3-array/-/d3-array-3.2.2.tgz. Extracting by manifest.
735 silly tarball no local data for @types/babel__traverse@https://registry.npmjs.org/@types/babel__traverse/-/babel__traverse-7.28.0.tgz. Extracting by manifest.
736 silly tarball no local data for @types/babel__template@https://registry.npmjs.org/@types/babel__template/-/babel__template-7.4.4.tgz. Extracting by manifest.
737 silly tarball no local data for @types/babel__generator@https://registry.npmjs.org/@types/babel__generator/-/babel__generator-7.27.0.tgz. Extracting by manifest.
738 silly tarball no local data for @types/babel__core@https://registry.npmjs.org/@types/babel__core/-/babel__core-7.20.5.tgz. Extracting by manifest.
739 silly tarball no local data for @types/aria-query@https://registry.npmjs.org/@types/aria-query/-/aria-query-5.0.4.tgz. Extracting by manifest.
740 silly tarball no local data for @tybys/wasm-util@https://registry.npmjs.org/@tybys/wasm-util/-/wasm-util-0.10.1.tgz. Extracting by manifest.
741 silly tarball no local data for @testing-library/user-event@https://registry.npmjs.org/@testing-library/user-event/-/user-event-14.6.1.tgz. Extracting by manifest.
742 silly tarball no local data for @testing-library/react@https://registry.npmjs.org/@testing-library/react/-/react-16.3.0.tgz. Extracting by manifest.
743 silly tarball no local data for @testing-library/jest-dom@https://registry.npmjs.org/@testing-library/jest-dom/-/jest-dom-6.8.0.tgz. Extracting by manifest.
744 silly tarball no local data for @testing-library/dom@https://registry.npmjs.org/@testing-library/dom/-/dom-10.4.1.tgz. Extracting by manifest.
745 silly tarball no local data for @tanstack/react-query@https://registry.npmjs.org/@tanstack/react-query/-/react-query-5.89.0.tgz. Extracting by manifest.
746 silly tarball no local data for @tanstack/query-core@https://registry.npmjs.org/@tanstack/query-core/-/query-core-5.89.0.tgz. Extracting by manifest.
747 silly tarball no local data for @standard-schema/utils@https://registry.npmjs.org/@standard-schema/utils/-/utils-0.3.0.tgz. Extracting by manifest.
748 silly tarball no local data for @standard-schema/spec@https://registry.npmjs.org/@standard-schema/spec/-/spec-1.0.0.tgz. Extracting by manifest.
749 silly tarball no local data for @swc/helpers@https://registry.npmjs.org/@swc/helpers/-/helpers-0.5.2.tgz. Extracting by manifest.
750 silly tarball no local data for @sinonjs/fake-timers@https://registry.npmjs.org/@sinonjs/fake-timers/-/fake-timers-13.0.5.tgz. Extracting by manifest.
751 silly tarball no local data for @sinclair/typebox@https://registry.npmjs.org/@sinclair/typebox/-/typebox-0.34.41.tgz. Extracting by manifest.
752 silly tarball no local data for @sinonjs/commons@https://registry.npmjs.org/@sinonjs/commons/-/commons-3.0.1.tgz. Extracting by manifest.
753 silly tarball no local data for @rushstack/eslint-patch@https://registry.npmjs.org/@rushstack/eslint-patch/-/eslint-patch-1.12.0.tgz. Extracting by manifest.
754 silly tarball no local data for @rtsao/scc@https://registry.npmjs.org/@rtsao/scc/-/scc-1.1.0.tgz. Extracting by manifest.
755 silly tarball no local data for @radix-ui/rect@https://registry.npmjs.org/@radix-ui/rect/-/rect-1.1.1.tgz. Extracting by manifest.
756 silly tarball no local data for @reduxjs/toolkit@https://registry.npmjs.org/@reduxjs/toolkit/-/toolkit-2.9.0.tgz. Extracting by manifest.
757 silly tarball no local data for @radix-ui/react-visually-hidden@https://registry.npmjs.org/@radix-ui/react-visually-hidden/-/react-visually-hidden-1.2.3.tgz. Extracting by manifest.
758 silly tarball no local data for @radix-ui/react-use-size@https://registry.npmjs.org/@radix-ui/react-use-size/-/react-use-size-1.1.1.tgz. Extracting by manifest.
759 silly tarball no local data for @radix-ui/react-use-rect@https://registry.npmjs.org/@radix-ui/react-use-rect/-/react-use-rect-1.1.1.tgz. Extracting by manifest.
760 silly tarball no local data for @radix-ui/react-use-previous@https://registry.npmjs.org/@radix-ui/react-use-previous/-/react-use-previous-1.1.1.tgz. Extracting by manifest.
761 silly tarball no local data for @radix-ui/react-use-layout-effect@https://registry.npmjs.org/@radix-ui/react-use-layout-effect/-/react-use-layout-effect-1.1.1.tgz. Extracting by manifest.
762 silly tarball no local data for @radix-ui/react-use-is-hydrated@https://registry.npmjs.org/@radix-ui/react-use-is-hydrated/-/react-use-is-hydrated-0.1.0.tgz. Extracting by manifest.
763 silly tarball no local data for @radix-ui/react-use-escape-keydown@https://registry.npmjs.org/@radix-ui/react-use-escape-keydown/-/react-use-escape-keydown-1.1.1.tgz. Extracting by manifest.
764 silly tarball no local data for @radix-ui/react-use-effect-event@https://registry.npmjs.org/@radix-ui/react-use-effect-event/-/react-use-effect-event-0.0.2.tgz. Extracting by manifest.
765 silly tarball no local data for @radix-ui/react-use-controllable-state@https://registry.npmjs.org/@radix-ui/react-use-controllable-state/-/react-use-controllable-state-1.2.2.tgz. Extracting by manifest.
766 silly tarball no local data for @radix-ui/react-use-callback-ref@https://registry.npmjs.org/@radix-ui/react-use-callback-ref/-/react-use-callback-ref-1.1.1.tgz. Extracting by manifest.
767 silly tarball no local data for @radix-ui/react-switch@https://registry.npmjs.org/@radix-ui/react-switch/-/react-switch-1.2.6.tgz. Extracting by manifest.
768 silly tarball no local data for @radix-ui/react-slot@https://registry.npmjs.org/@radix-ui/react-slot/-/react-slot-1.2.3.tgz. Extracting by manifest.
769 silly tarball no local data for @radix-ui/react-roving-focus@https://registry.npmjs.org/@radix-ui/react-roving-focus/-/react-roving-focus-1.1.11.tgz. Extracting by manifest.
770 silly tarball no local data for @radix-ui/react-progress@https://registry.npmjs.org/@radix-ui/react-progress/-/react-progress-1.1.7.tgz. Extracting by manifest.
771 silly tarball no local data for @radix-ui/react-select@https://registry.npmjs.org/@radix-ui/react-select/-/react-select-2.2.6.tgz. Extracting by manifest.
772 silly tarball no local data for @radix-ui/react-primitive@https://registry.npmjs.org/@radix-ui/react-primitive/-/react-primitive-2.1.3.tgz. Extracting by manifest.
773 silly tarball no local data for @radix-ui/react-presence@https://registry.npmjs.org/@radix-ui/react-presence/-/react-presence-1.1.5.tgz. Extracting by manifest.
774 silly tarball no local data for @radix-ui/react-portal@https://registry.npmjs.org/@radix-ui/react-portal/-/react-portal-1.1.9.tgz. Extracting by manifest.
775 silly tarball no local data for @radix-ui/react-popper@https://registry.npmjs.org/@radix-ui/react-popper/-/react-popper-1.2.8.tgz. Extracting by manifest.
776 silly tarball no local data for @radix-ui/react-menu@https://registry.npmjs.org/@radix-ui/react-menu/-/react-menu-2.1.16.tgz. Extracting by manifest.
777 silly tarball no local data for @radix-ui/react-label@https://registry.npmjs.org/@radix-ui/react-label/-/react-label-2.1.7.tgz. Extracting by manifest.
778 silly tarball no local data for @radix-ui/react-id@https://registry.npmjs.org/@radix-ui/react-id/-/react-id-1.1.1.tgz. Extracting by manifest.
779 silly tarball no local data for @radix-ui/react-focus-scope@https://registry.npmjs.org/@radix-ui/react-focus-scope/-/react-focus-scope-1.1.7.tgz. Extracting by manifest.
780 silly tarball no local data for @radix-ui/react-focus-guards@https://registry.npmjs.org/@radix-ui/react-focus-guards/-/react-focus-guards-1.1.3.tgz. Extracting by manifest.
781 silly tarball no local data for @radix-ui/react-dropdown-menu@https://registry.npmjs.org/@radix-ui/react-dropdown-menu/-/react-dropdown-menu-2.1.16.tgz. Extracting by manifest.
782 silly tarball no local data for @radix-ui/react-dismissable-layer@https://registry.npmjs.org/@radix-ui/react-dismissable-layer/-/react-dismissable-layer-1.1.11.tgz. Extracting by manifest.
783 silly tarball no local data for @radix-ui/react-direction@https://registry.npmjs.org/@radix-ui/react-direction/-/react-direction-1.1.1.tgz. Extracting by manifest.
784 silly tarball no local data for @radix-ui/react-dialog@https://registry.npmjs.org/@radix-ui/react-dialog/-/react-dialog-1.1.15.tgz. Extracting by manifest.
785 silly tarball no local data for @radix-ui/react-context@https://registry.npmjs.org/@radix-ui/react-context/-/react-context-1.1.2.tgz. Extracting by manifest.
786 silly tarball no local data for @radix-ui/react-compose-refs@https://registry.npmjs.org/@radix-ui/react-compose-refs/-/react-compose-refs-1.1.2.tgz. Extracting by manifest.
787 silly tarball no local data for @radix-ui/react-avatar@https://registry.npmjs.org/@radix-ui/react-avatar/-/react-avatar-1.1.10.tgz. Extracting by manifest.
788 silly tarball no local data for @radix-ui/react-collection@https://registry.npmjs.org/@radix-ui/react-collection/-/react-collection-1.1.7.tgz. Extracting by manifest.
789 silly tarball no local data for @radix-ui/react-alert-dialog@https://registry.npmjs.org/@radix-ui/react-alert-dialog/-/react-alert-dialog-1.1.15.tgz. Extracting by manifest.
790 silly tarball no local data for @radix-ui/react-arrow@https://registry.npmjs.org/@radix-ui/react-arrow/-/react-arrow-1.1.7.tgz. Extracting by manifest.
791 silly tarball no local data for @radix-ui/primitive@https://registry.npmjs.org/@radix-ui/primitive/-/primitive-1.1.3.tgz. Extracting by manifest.
792 silly tarball no local data for @radix-ui/number@https://registry.npmjs.org/@radix-ui/number/-/number-1.1.1.tgz. Extracting by manifest.
793 silly tarball no local data for @pkgjs/parseargs@https://registry.npmjs.org/@pkgjs/parseargs/-/parseargs-0.11.0.tgz. Extracting by manifest.
794 silly tarball no local data for @panva/hkdf@https://registry.npmjs.org/@panva/hkdf/-/hkdf-1.2.1.tgz. Extracting by manifest.
795 silly tarball no local data for @nolyfill/is-core-module@https://registry.npmjs.org/@nolyfill/is-core-module/-/is-core-module-1.0.39.tgz. Extracting by manifest.
796 silly tarball no local data for @nodelib/fs.stat@https://registry.npmjs.org/@nodelib/fs.stat/-/fs.stat-2.0.5.tgz. Extracting by manifest.
797 silly tarball no local data for @nodelib/fs.walk@https://registry.npmjs.org/@nodelib/fs.walk/-/fs.walk-1.2.8.tgz. Extracting by manifest.
798 silly tarball no local data for @nodelib/fs.scandir@https://registry.npmjs.org/@nodelib/fs.scandir/-/fs.scandir-2.1.5.tgz. Extracting by manifest.
799 silly tarball no local data for @next/swc-linux-x64-musl@https://registry.npmjs.org/@next/swc-linux-x64-musl/-/swc-linux-x64-musl-14.0.4.tgz. Extracting by manifest.
800 silly tarball no local data for @next/swc-linux-x64-gnu@https://registry.npmjs.org/@next/swc-linux-x64-gnu/-/swc-linux-x64-gnu-14.0.4.tgz. Extracting by manifest.
801 silly tarball no local data for @next/eslint-plugin-next@https://registry.npmjs.org/@next/eslint-plugin-next/-/eslint-plugin-next-14.0.4.tgz. Extracting by manifest.
802 silly tarball no local data for @next/env@https://registry.npmjs.org/@next/env/-/env-14.0.4.tgz. Extracting by manifest.
803 silly tarball no local data for @napi-rs/canvas-linux-x64-musl@https://registry.npmjs.org/@napi-rs/canvas-linux-x64-musl/-/canvas-linux-x64-musl-0.1.80.tgz. Extracting by manifest.
804 silly tarball no local data for @napi-rs/wasm-runtime@https://registry.npmjs.org/@napi-rs/wasm-runtime/-/wasm-runtime-0.2.12.tgz. Extracting by manifest.
805 silly tarball no local data for @napi-rs/canvas-linux-x64-gnu@https://registry.npmjs.org/@napi-rs/canvas-linux-x64-gnu/-/canvas-linux-x64-gnu-0.1.80.tgz. Extracting by manifest.
806 silly tarball no local data for @jridgewell/trace-mapping@https://registry.npmjs.org/@jridgewell/trace-mapping/-/trace-mapping-0.3.31.tgz. Extracting by manifest.
807 silly tarball no local data for @napi-rs/canvas@https://registry.npmjs.org/@napi-rs/canvas/-/canvas-0.1.80.tgz. Extracting by manifest.
808 silly tarball no local data for @jridgewell/sourcemap-codec@https://registry.npmjs.org/@jridgewell/sourcemap-codec/-/sourcemap-codec-1.5.5.tgz. Extracting by manifest.
809 silly tarball no local data for @jridgewell/resolve-uri@https://registry.npmjs.org/@jridgewell/resolve-uri/-/resolve-uri-3.1.2.tgz. Extracting by manifest.
810 silly tarball no local data for @jridgewell/remapping@https://registry.npmjs.org/@jridgewell/remapping/-/remapping-2.3.5.tgz. Extracting by manifest.
811 silly tarball no local data for @jest/types@https://registry.npmjs.org/@jest/types/-/types-30.0.5.tgz. Extracting by manifest.
812 silly tarball no local data for @jridgewell/gen-mapping@https://registry.npmjs.org/@jridgewell/gen-mapping/-/gen-mapping-0.3.13.tgz. Extracting by manifest.
813 silly tarball no local data for @jest/transform@https://registry.npmjs.org/@jest/transform/-/transform-30.1.2.tgz. Extracting by manifest.
814 silly tarball no local data for @jest/test-result@https://registry.npmjs.org/@jest/test-result/-/test-result-30.1.3.tgz. Extracting by manifest.
815 silly tarball no local data for @jest/test-sequencer@https://registry.npmjs.org/@jest/test-sequencer/-/test-sequencer-30.1.3.tgz. Extracting by manifest.
816 silly tarball no local data for @jest/source-map@https://registry.npmjs.org/@jest/source-map/-/source-map-30.0.1.tgz. Extracting by manifest.
817 silly tarball no local data for @jest/snapshot-utils@https://registry.npmjs.org/@jest/snapshot-utils/-/snapshot-utils-30.1.2.tgz. Extracting by manifest.
818 silly tarball no local data for @jest/schemas@https://registry.npmjs.org/@jest/schemas/-/schemas-30.0.5.tgz. Extracting by manifest.
819 silly tarball no local data for @jest/reporters@https://registry.npmjs.org/@jest/reporters/-/reporters-30.1.3.tgz. Extracting by manifest.
820 silly tarball no local data for @jest/pattern@https://registry.npmjs.org/@jest/pattern/-/pattern-30.0.1.tgz. Extracting by manifest.
821 silly tarball no local data for @jest/get-type@https://registry.npmjs.org/@jest/get-type/-/get-type-30.1.0.tgz. Extracting by manifest.
822 silly tarball no local data for @jest/fake-timers@https://registry.npmjs.org/@jest/fake-timers/-/fake-timers-30.1.2.tgz. Extracting by manifest.
823 silly tarball no local data for @jest/expect-utils@https://registry.npmjs.org/@jest/expect-utils/-/expect-utils-30.1.2.tgz. Extracting by manifest.
824 silly tarball no local data for @jest/expect@https://registry.npmjs.org/@jest/expect/-/expect-30.1.2.tgz. Extracting by manifest.
825 silly tarball no local data for @jest/environment@https://registry.npmjs.org/@jest/environment/-/environment-30.1.2.tgz. Extracting by manifest.
826 silly tarball no local data for @jest/environment-jsdom-abstract@https://registry.npmjs.org/@jest/environment-jsdom-abstract/-/environment-jsdom-abstract-30.1.2.tgz. Extracting by manifest.
827 silly tarball no local data for @jest/diff-sequences@https://registry.npmjs.org/@jest/diff-sequences/-/diff-sequences-30.0.1.tgz. Extracting by manifest.
828 silly tarball no local data for @jest/core@https://registry.npmjs.org/@jest/core/-/core-30.1.3.tgz. Extracting by manifest.
829 silly tarball no local data for @jest/console@https://registry.npmjs.org/@jest/console/-/console-30.1.2.tgz. Extracting by manifest.
830 silly tarball no local data for @istanbuljs/schema@https://registry.npmjs.org/@istanbuljs/schema/-/schema-0.1.3.tgz. Extracting by manifest.
831 silly tarball no local data for @istanbuljs/load-nyc-config@https://registry.npmjs.org/@istanbuljs/load-nyc-config/-/load-nyc-config-1.1.0.tgz. Extracting by manifest.
832 silly tarball no local data for @isaacs/cliui@https://registry.npmjs.org/@isaacs/cliui/-/cliui-8.0.2.tgz. Extracting by manifest.
833 silly tarball no local data for @humanwhocodes/object-schema@https://registry.npmjs.org/@humanwhocodes/object-schema/-/object-schema-2.0.3.tgz. Extracting by manifest.
834 silly tarball no local data for @humanwhocodes/config-array@https://registry.npmjs.org/@humanwhocodes/config-array/-/config-array-0.13.0.tgz. Extracting by manifest.
835 silly tarball no local data for @hookform/resolvers@https://registry.npmjs.org/@hookform/resolvers/-/resolvers-3.10.0.tgz. Extracting by manifest.
836 silly tarball no local data for @humanwhocodes/module-importer@https://registry.npmjs.org/@humanwhocodes/module-importer/-/module-importer-1.0.1.tgz. Extracting by manifest.
837 silly tarball no local data for @floating-ui/utils@https://registry.npmjs.org/@floating-ui/utils/-/utils-0.2.10.tgz. Extracting by manifest.
838 silly tarball no local data for @floating-ui/dom@https://registry.npmjs.org/@floating-ui/dom/-/dom-1.7.4.tgz. Extracting by manifest.
839 silly tarball no local data for @floating-ui/react-dom@https://registry.npmjs.org/@floating-ui/react-dom/-/react-dom-2.1.6.tgz. Extracting by manifest.
840 silly tarball no local data for @floating-ui/core@https://registry.npmjs.org/@floating-ui/core/-/core-1.7.3.tgz. Extracting by manifest.
841 silly tarball no local data for @eslint/eslintrc@https://registry.npmjs.org/@eslint/eslintrc/-/eslintrc-2.1.4.tgz. Extracting by manifest.
842 silly tarball no local data for @eslint/js@https://registry.npmjs.org/@eslint/js/-/js-8.57.1.tgz. Extracting by manifest.
843 silly tarball no local data for @eslint-community/regexpp@https://registry.npmjs.org/@eslint-community/regexpp/-/regexpp-4.12.1.tgz. Extracting by manifest.
844 silly tarball no local data for @eslint-community/eslint-utils@https://registry.npmjs.org/@eslint-community/eslint-utils/-/eslint-utils-4.9.0.tgz. Extracting by manifest.
845 silly tarball no local data for @emnapi/wasi-threads@https://registry.npmjs.org/@emnapi/wasi-threads/-/wasi-threads-1.1.0.tgz. Extracting by manifest.
846 silly tarball no local data for @emnapi/runtime@https://registry.npmjs.org/@emnapi/runtime/-/runtime-1.5.0.tgz. Extracting by manifest.
847 silly tarball no local data for @emnapi/core@https://registry.npmjs.org/@emnapi/core/-/core-1.5.0.tgz. Extracting by manifest.
848 silly tarball no local data for @csstools/css-parser-algorithms@https://registry.npmjs.org/@csstools/css-parser-algorithms/-/css-parser-algorithms-3.0.5.tgz. Extracting by manifest.
849 silly tarball no local data for @csstools/css-tokenizer@https://registry.npmjs.org/@csstools/css-tokenizer/-/css-tokenizer-3.0.4.tgz. Extracting by manifest.
850 silly tarball no local data for @csstools/css-color-parser@https://registry.npmjs.org/@csstools/css-color-parser/-/css-color-parser-3.1.0.tgz. Extracting by manifest.
851 silly tarball no local data for @csstools/css-calc@https://registry.npmjs.org/@csstools/css-calc/-/css-calc-2.1.4.tgz. Extracting by manifest.
852 silly tarball no local data for @csstools/color-helpers@https://registry.npmjs.org/@csstools/color-helpers/-/color-helpers-5.1.0.tgz. Extracting by manifest.
853 silly tarball no local data for @bcoe/v8-coverage@https://registry.npmjs.org/@bcoe/v8-coverage/-/v8-coverage-0.2.3.tgz. Extracting by manifest.
854 silly tarball no local data for @babel/types@https://registry.npmjs.org/@babel/types/-/types-7.28.4.tgz. Extracting by manifest.
855 silly tarball no local data for @babel/traverse@https://registry.npmjs.org/@babel/traverse/-/traverse-7.28.4.tgz. Extracting by manifest.
856 silly tarball no local data for @babel/template@https://registry.npmjs.org/@babel/template/-/template-7.27.2.tgz. Extracting by manifest.
857 silly tarball no local data for @babel/runtime@https://registry.npmjs.org/@babel/runtime/-/runtime-7.28.4.tgz. Extracting by manifest.
858 silly tarball no local data for @babel/plugin-syntax-typescript@https://registry.npmjs.org/@babel/plugin-syntax-typescript/-/plugin-syntax-typescript-7.27.1.tgz. Extracting by manifest.
859 silly tarball no local data for @babel/plugin-syntax-top-level-await@https://registry.npmjs.org/@babel/plugin-syntax-top-level-await/-/plugin-syntax-top-level-await-7.14.5.tgz. Extracting by manifest.
860 silly tarball no local data for @babel/plugin-syntax-private-property-in-object@https://registry.npmjs.org/@babel/plugin-syntax-private-property-in-object/-/plugin-syntax-private-property-in-object-7.14.5.tgz. Extracting by manifest.
861 silly tarball no local data for @babel/plugin-syntax-optional-chaining@https://registry.npmjs.org/@babel/plugin-syntax-optional-chaining/-/plugin-syntax-optional-chaining-7.8.3.tgz. Extracting by manifest.
862 silly tarball no local data for @babel/plugin-syntax-optional-catch-binding@https://registry.npmjs.org/@babel/plugin-syntax-optional-catch-binding/-/plugin-syntax-optional-catch-binding-7.8.3.tgz. Extracting by manifest.
863 silly tarball no local data for @babel/plugin-syntax-object-rest-spread@https://registry.npmjs.org/@babel/plugin-syntax-object-rest-spread/-/plugin-syntax-object-rest-spread-7.8.3.tgz. Extracting by manifest.
864 silly tarball no local data for @babel/plugin-syntax-numeric-separator@https://registry.npmjs.org/@babel/plugin-syntax-numeric-separator/-/plugin-syntax-numeric-separator-7.10.4.tgz. Extracting by manifest.
865 silly tarball no local data for @babel/plugin-syntax-nullish-coalescing-operator@https://registry.npmjs.org/@babel/plugin-syntax-nullish-coalescing-operator/-/plugin-syntax-nullish-coalescing-operator-7.8.3.tgz. Extracting by manifest.
866 silly tarball no local data for @babel/plugin-syntax-logical-assignment-operators@https://registry.npmjs.org/@babel/plugin-syntax-logical-assignment-operators/-/plugin-syntax-logical-assignment-operators-7.10.4.tgz. Extracting by manifest.
867 silly tarball no local data for @babel/plugin-syntax-jsx@https://registry.npmjs.org/@babel/plugin-syntax-jsx/-/plugin-syntax-jsx-7.27.1.tgz. Extracting by manifest.
868 silly tarball no local data for @babel/plugin-syntax-json-strings@https://registry.npmjs.org/@babel/plugin-syntax-json-strings/-/plugin-syntax-json-strings-7.8.3.tgz. Extracting by manifest.
869 silly tarball no local data for @babel/plugin-syntax-import-meta@https://registry.npmjs.org/@babel/plugin-syntax-import-meta/-/plugin-syntax-import-meta-7.10.4.tgz. Extracting by manifest.
870 silly tarball no local data for @babel/plugin-syntax-import-attributes@https://registry.npmjs.org/@babel/plugin-syntax-import-attributes/-/plugin-syntax-import-attributes-7.27.1.tgz. Extracting by manifest.
871 silly tarball no local data for @babel/plugin-syntax-class-static-block@https://registry.npmjs.org/@babel/plugin-syntax-class-static-block/-/plugin-syntax-class-static-block-7.14.5.tgz. Extracting by manifest.
872 silly tarball no local data for @babel/plugin-syntax-class-properties@https://registry.npmjs.org/@babel/plugin-syntax-class-properties/-/plugin-syntax-class-properties-7.12.13.tgz. Extracting by manifest.
873 silly tarball no local data for @babel/plugin-syntax-bigint@https://registry.npmjs.org/@babel/plugin-syntax-bigint/-/plugin-syntax-bigint-7.8.3.tgz. Extracting by manifest.
874 silly tarball no local data for @babel/plugin-syntax-async-generators@https://registry.npmjs.org/@babel/plugin-syntax-async-generators/-/plugin-syntax-async-generators-7.8.4.tgz. Extracting by manifest.
875 silly tarball no local data for @babel/parser@https://registry.npmjs.org/@babel/parser/-/parser-7.28.4.tgz. Extracting by manifest.
876 silly tarball no local data for @babel/helpers@https://registry.npmjs.org/@babel/helpers/-/helpers-7.28.4.tgz. Extracting by manifest.
877 silly tarball no local data for @babel/helper-validator-identifier@https://registry.npmjs.org/@babel/helper-validator-identifier/-/helper-validator-identifier-7.27.1.tgz. Extracting by manifest.
878 silly tarball no local data for @babel/helper-string-parser@https://registry.npmjs.org/@babel/helper-string-parser/-/helper-string-parser-7.27.1.tgz. Extracting by manifest.
879 silly tarball no local data for @babel/helper-plugin-utils@https://registry.npmjs.org/@babel/helper-plugin-utils/-/helper-plugin-utils-7.27.1.tgz. Extracting by manifest.
880 silly tarball no local data for @babel/helper-validator-option@https://registry.npmjs.org/@babel/helper-validator-option/-/helper-validator-option-7.27.1.tgz. Extracting by manifest.
881 silly tarball no local data for @babel/helper-module-transforms@https://registry.npmjs.org/@babel/helper-module-transforms/-/helper-module-transforms-7.28.3.tgz. Extracting by manifest.
882 silly tarball no local data for @babel/helper-globals@https://registry.npmjs.org/@babel/helper-globals/-/helper-globals-7.28.0.tgz. Extracting by manifest.
883 silly tarball no local data for @babel/helper-module-imports@https://registry.npmjs.org/@babel/helper-module-imports/-/helper-module-imports-7.27.1.tgz. Extracting by manifest.
884 silly tarball no local data for @babel/helper-compilation-targets@https://registry.npmjs.org/@babel/helper-compilation-targets/-/helper-compilation-targets-7.27.2.tgz. Extracting by manifest.
885 silly tarball no local data for @babel/generator@https://registry.npmjs.org/@babel/generator/-/generator-7.28.3.tgz. Extracting by manifest.
886 silly tarball no local data for @babel/core@https://registry.npmjs.org/@babel/core/-/core-7.28.4.tgz. Extracting by manifest.
887 silly tarball no local data for @babel/code-frame@https://registry.npmjs.org/@babel/code-frame/-/code-frame-7.27.1.tgz. Extracting by manifest.
888 silly tarball no local data for @babel/compat-data@https://registry.npmjs.org/@babel/compat-data/-/compat-data-7.28.4.tgz. Extracting by manifest.
889 silly tarball no local data for @asamuzakjp/css-color@https://registry.npmjs.org/@asamuzakjp/css-color/-/css-color-3.2.0.tgz. Extracting by manifest.
890 silly tarball no local data for @alloc/quick-lru@https://registry.npmjs.org/@alloc/quick-lru/-/quick-lru-5.2.0.tgz. Extracting by manifest.
891 silly tarball no local data for @adobe/css-tools@https://registry.npmjs.org/@adobe/css-tools/-/css-tools-4.4.4.tgz. Extracting by manifest.
892 silly tarball no local data for string-width@https://registry.npmjs.org/string-width/-/string-width-4.2.3.tgz. Extracting by manifest.
893 silly tarball no local data for emoji-regex@https://registry.npmjs.org/emoji-regex/-/emoji-regex-8.0.0.tgz. Extracting by manifest.
894 silly tarball no local data for string-width@https://registry.npmjs.org/string-width/-/string-width-4.2.3.tgz. Extracting by manifest.
895 silly tarball no local data for emoji-regex@https://registry.npmjs.org/emoji-regex/-/emoji-regex-8.0.0.tgz. Extracting by manifest.
896 silly tarball no local data for ansi-styles@https://registry.npmjs.org/ansi-styles/-/ansi-styles-6.2.3.tgz. Extracting by manifest.
897 silly tarball no local data for strip-ansi@https://registry.npmjs.org/strip-ansi/-/strip-ansi-7.1.2.tgz. Extracting by manifest.
898 silly tarball no local data for ansi-regex@https://registry.npmjs.org/ansi-regex/-/ansi-regex-6.2.2.tgz. Extracting by manifest.
899 silly tarball no local data for type-fest@https://registry.npmjs.org/type-fest/-/type-fest-4.41.0.tgz. Extracting by manifest.
900 silly tarball no local data for json5@https://registry.npmjs.org/json5/-/json5-2.2.3.tgz. Extracting by manifest.
901 silly tarball no local data for minimatch@https://registry.npmjs.org/minimatch/-/minimatch-3.1.2.tgz. Extracting by manifest.
902 silly tarball no local data for fdir@https://registry.npmjs.org/fdir/-/fdir-6.5.0.tgz. Extracting by manifest.
903 silly tarball no local data for picomatch@https://registry.npmjs.org/picomatch/-/picomatch-4.0.3.tgz. Extracting by manifest.
904 silly tarball no local data for brace-expansion@https://registry.npmjs.org/brace-expansion/-/brace-expansion-1.1.12.tgz. Extracting by manifest.
905 silly tarball no local data for postcss-load-config@https://registry.npmjs.org/postcss-load-config/-/postcss-load-config-4.0.2.tgz. Extracting by manifest.
906 silly tarball no local data for minimatch@https://registry.npmjs.org/minimatch/-/minimatch-9.0.5.tgz. Extracting by manifest.
907 silly tarball no local data for glob@https://registry.npmjs.org/glob/-/glob-10.4.5.tgz. Extracting by manifest.
908 silly tarball no local data for emoji-regex@https://registry.npmjs.org/emoji-regex/-/emoji-regex-8.0.0.tgz. Extracting by manifest.
909 silly tarball no local data for strip-ansi@https://registry.npmjs.org/strip-ansi/-/strip-ansi-7.1.2.tgz. Extracting by manifest.
910 silly tarball no local data for ansi-regex@https://registry.npmjs.org/ansi-regex/-/ansi-regex-6.2.2.tgz. Extracting by manifest.
911 silly tarball no local data for escape-string-regexp@https://registry.npmjs.org/escape-string-regexp/-/escape-string-regexp-2.0.0.tgz. Extracting by manifest.
912 silly tarball no local data for p-locate@https://registry.npmjs.org/p-locate/-/p-locate-4.1.0.tgz. Extracting by manifest.
913 silly tarball no local data for resolve-from@https://registry.npmjs.org/resolve-from/-/resolve-from-5.0.0.tgz. Extracting by manifest.
914 silly tarball no local data for p-limit@https://registry.npmjs.org/p-limit/-/p-limit-2.3.0.tgz. Extracting by manifest.
915 silly tarball no local data for locate-path@https://registry.npmjs.org/locate-path/-/locate-path-5.0.0.tgz. Extracting by manifest.
916 silly tarball no local data for find-up@https://registry.npmjs.org/find-up/-/find-up-4.1.0.tgz. Extracting by manifest.
917 silly tarball no local data for lru-cache@https://registry.npmjs.org/lru-cache/-/lru-cache-6.0.0.tgz. Extracting by manifest.
918 silly tarball no local data for object-hash@https://registry.npmjs.org/object-hash/-/object-hash-2.2.0.tgz. Extracting by manifest.
919 silly tarball no local data for react-is@https://registry.npmjs.org/react-is/-/react-is-18.3.1.tgz. Extracting by manifest.
920 silly tarball no local data for pretty-format@https://registry.npmjs.org/pretty-format/-/pretty-format-30.0.5.tgz. Extracting by manifest.
921 silly tarball no local data for camelcase@https://registry.npmjs.org/camelcase/-/camelcase-6.3.0.tgz. Extracting by manifest.
922 silly tarball no local data for ansi-styles@https://registry.npmjs.org/ansi-styles/-/ansi-styles-5.2.0.tgz. Extracting by manifest.
923 silly tarball no local data for picomatch@https://registry.npmjs.org/picomatch/-/picomatch-4.0.3.tgz. Extracting by manifest.
924 silly tarball no local data for react-is@https://registry.npmjs.org/react-is/-/react-is-18.3.1.tgz. Extracting by manifest.
925 silly tarball no local data for ansi-styles@https://registry.npmjs.org/ansi-styles/-/ansi-styles-5.2.0.tgz. Extracting by manifest.
926 silly tarball no local data for pretty-format@https://registry.npmjs.org/pretty-format/-/pretty-format-30.0.5.tgz. Extracting by manifest.
927 silly tarball no local data for strip-bom@https://registry.npmjs.org/strip-bom/-/strip-bom-4.0.0.tgz. Extracting by manifest.
928 silly tarball no local data for minimatch@https://registry.npmjs.org/minimatch/-/minimatch-9.0.5.tgz. Extracting by manifest.
929 silly tarball no local data for glob@https://registry.npmjs.org/glob/-/glob-10.4.5.tgz. Extracting by manifest.
930 silly tarball no local data for react-is@https://registry.npmjs.org/react-is/-/react-is-18.3.1.tgz. Extracting by manifest.
931 silly tarball no local data for pretty-format@https://registry.npmjs.org/pretty-format/-/pretty-format-30.0.5.tgz. Extracting by manifest.
932 silly tarball no local data for ansi-styles@https://registry.npmjs.org/ansi-styles/-/ansi-styles-5.2.0.tgz. Extracting by manifest.
933 silly tarball no local data for react-is@https://registry.npmjs.org/react-is/-/react-is-18.3.1.tgz. Extracting by manifest.
934 silly tarball no local data for ansi-styles@https://registry.npmjs.org/ansi-styles/-/ansi-styles-5.2.0.tgz. Extracting by manifest.
935 silly tarball no local data for pretty-format@https://registry.npmjs.org/pretty-format/-/pretty-format-30.0.5.tgz. Extracting by manifest.
936 silly tarball no local data for react-is@https://registry.npmjs.org/react-is/-/react-is-18.3.1.tgz. Extracting by manifest.
937 silly tarball no local data for pretty-format@https://registry.npmjs.org/pretty-format/-/pretty-format-30.0.5.tgz. Extracting by manifest.
938 silly tarball no local data for ansi-styles@https://registry.npmjs.org/ansi-styles/-/ansi-styles-5.2.0.tgz. Extracting by manifest.
939 silly tarball no local data for react-is@https://registry.npmjs.org/react-is/-/react-is-18.3.1.tgz. Extracting by manifest.
940 silly tarball no local data for pretty-format@https://registry.npmjs.org/pretty-format/-/pretty-format-30.0.5.tgz. Extracting by manifest.
941 silly tarball no local data for ansi-styles@https://registry.npmjs.org/ansi-styles/-/ansi-styles-5.2.0.tgz. Extracting by manifest.
942 silly tarball no local data for react-is@https://registry.npmjs.org/react-is/-/react-is-18.3.1.tgz. Extracting by manifest.
943 silly tarball no local data for pretty-format@https://registry.npmjs.org/pretty-format/-/pretty-format-30.0.5.tgz. Extracting by manifest.
944 silly tarball no local data for ansi-styles@https://registry.npmjs.org/ansi-styles/-/ansi-styles-5.2.0.tgz. Extracting by manifest.
945 silly tarball no local data for react-is@https://registry.npmjs.org/react-is/-/react-is-18.3.1.tgz. Extracting by manifest.
946 silly tarball no local data for pretty-format@https://registry.npmjs.org/pretty-format/-/pretty-format-30.0.5.tgz. Extracting by manifest.
947 silly tarball no local data for minimatch@https://registry.npmjs.org/minimatch/-/minimatch-9.0.5.tgz. Extracting by manifest.
948 silly tarball no local data for jest-config@https://registry.npmjs.org/jest-config/-/jest-config-30.1.3.tgz. Extracting by manifest.
949 silly tarball no local data for glob@https://registry.npmjs.org/glob/-/glob-10.4.5.tgz. Extracting by manifest.
950 silly tarball no local data for ansi-styles@https://registry.npmjs.org/ansi-styles/-/ansi-styles-5.2.0.tgz. Extracting by manifest.
951 silly tarball no local data for pretty-format@https://registry.npmjs.org/pretty-format/-/pretty-format-30.0.5.tgz. Extracting by manifest.
952 silly tarball no local data for ansi-styles@https://registry.npmjs.org/ansi-styles/-/ansi-styles-5.2.0.tgz. Extracting by manifest.
953 silly tarball no local data for react-is@https://registry.npmjs.org/react-is/-/react-is-18.3.1.tgz. Extracting by manifest.
954 silly tarball no local data for minimatch@https://registry.npmjs.org/minimatch/-/minimatch-3.1.2.tgz. Extracting by manifest.
955 silly tarball no local data for brace-expansion@https://registry.npmjs.org/brace-expansion/-/brace-expansion-1.1.12.tgz. Extracting by manifest.
956 silly tarball no local data for glob-parent@https://registry.npmjs.org/glob-parent/-/glob-parent-5.1.2.tgz. Extracting by manifest.
957 silly tarball no local data for semver@https://registry.npmjs.org/semver/-/semver-6.3.1.tgz. Extracting by manifest.
958 silly tarball no local data for signal-exit@https://registry.npmjs.org/signal-exit/-/signal-exit-3.0.7.tgz. Extracting by manifest.
959 silly tarball no local data for resolve@https://registry.npmjs.org/resolve/-/resolve-2.0.0-next.5.tgz. Extracting by manifest.
960 silly tarball no local data for minimatch@https://registry.npmjs.org/minimatch/-/minimatch-3.1.2.tgz. Extracting by manifest.
961 silly tarball no local data for doctrine@https://registry.npmjs.org/doctrine/-/doctrine-2.1.0.tgz. Extracting by manifest.
962 silly tarball no local data for brace-expansion@https://registry.npmjs.org/brace-expansion/-/brace-expansion-1.1.12.tgz. Extracting by manifest.
963 silly tarball no local data for minimatch@https://registry.npmjs.org/minimatch/-/minimatch-3.1.2.tgz. Extracting by manifest.
964 silly tarball no local data for brace-expansion@https://registry.npmjs.org/brace-expansion/-/brace-expansion-1.1.12.tgz. Extracting by manifest.
965 silly tarball no local data for semver@https://registry.npmjs.org/semver/-/semver-6.3.1.tgz. Extracting by manifest.
966 silly tarball no local data for minimatch@https://registry.npmjs.org/minimatch/-/minimatch-3.1.2.tgz. Extracting by manifest.
967 silly tarball no local data for doctrine@https://registry.npmjs.org/doctrine/-/doctrine-2.1.0.tgz. Extracting by manifest.
968 silly tarball no local data for debug@https://registry.npmjs.org/debug/-/debug-3.2.7.tgz. Extracting by manifest.
969 silly tarball no local data for debug@https://registry.npmjs.org/debug/-/debug-3.2.7.tgz. Extracting by manifest.
970 silly tarball no local data for brace-expansion@https://registry.npmjs.org/brace-expansion/-/brace-expansion-1.1.12.tgz. Extracting by manifest.
971 silly tarball no local data for eslint-import-resolver-typescript@https://registry.npmjs.org/eslint-import-resolver-typescript/-/eslint-import-resolver-typescript-3.10.1.tgz. Extracting by manifest.
972 silly tarball no local data for minimatch@https://registry.npmjs.org/minimatch/-/minimatch-3.1.2.tgz. Extracting by manifest.
973 silly tarball no local data for debug@https://registry.npmjs.org/debug/-/debug-3.2.7.tgz. Extracting by manifest.
974 silly tarball no local data for brace-expansion@https://registry.npmjs.org/brace-expansion/-/brace-expansion-1.1.12.tgz. Extracting by manifest.
975 silly tarball no local data for wrap-ansi@https://registry.npmjs.org/wrap-ansi/-/wrap-ansi-7.0.0.tgz. Extracting by manifest.
976 silly tarball no local data for emoji-regex@https://registry.npmjs.org/emoji-regex/-/emoji-regex-8.0.0.tgz. Extracting by manifest.
977 silly tarball no local data for string-width@https://registry.npmjs.org/string-width/-/string-width-4.2.3.tgz. Extracting by manifest.
978 silly tarball no local data for glob-parent@https://registry.npmjs.org/glob-parent/-/glob-parent-5.1.2.tgz. Extracting by manifest.
979 silly tarball no local data for type-fest@https://registry.npmjs.org/type-fest/-/type-fest-0.21.3.tgz. Extracting by manifest.
980 silly tarball no local data for dom-accessibility-api@https://registry.npmjs.org/dom-accessibility-api/-/dom-accessibility-api-0.6.3.tgz. Extracting by manifest.
981 silly tarball no local data for react-is@https://registry.npmjs.org/react-is/-/react-is-17.0.2.tgz. Extracting by manifest.
982 silly tarball no local data for pretty-format@https://registry.npmjs.org/pretty-format/-/pretty-format-27.5.1.tgz. Extracting by manifest.
983 silly tarball no local data for ansi-styles@https://registry.npmjs.org/ansi-styles/-/ansi-styles-5.2.0.tgz. Extracting by manifest.
984 silly tarball no local data for aria-query@https://registry.npmjs.org/aria-query/-/aria-query-5.3.0.tgz. Extracting by manifest.
985 silly tarball no local data for minimatch@https://registry.npmjs.org/minimatch/-/minimatch-9.0.5.tgz. Extracting by manifest.
986 silly tarball no local data for glob@https://registry.npmjs.org/glob/-/glob-10.4.5.tgz. Extracting by manifest.
987 silly tarball no local data for react-is@https://registry.npmjs.org/react-is/-/react-is-18.3.1.tgz. Extracting by manifest.
988 silly tarball no local data for pretty-format@https://registry.npmjs.org/pretty-format/-/pretty-format-30.0.5.tgz. Extracting by manifest.
989 silly tarball no local data for minimatch@https://registry.npmjs.org/minimatch/-/minimatch-9.0.5.tgz. Extracting by manifest.
990 silly tarball no local data for glob@https://registry.npmjs.org/glob/-/glob-10.4.5.tgz. Extracting by manifest.
991 silly tarball no local data for jest-config@https://registry.npmjs.org/jest-config/-/jest-config-30.1.3.tgz. Extracting by manifest.
992 silly tarball no local data for ansi-styles@https://registry.npmjs.org/ansi-styles/-/ansi-styles-5.2.0.tgz. Extracting by manifest.
993 silly tarball no local data for resolve-from@https://registry.npmjs.org/resolve-from/-/resolve-from-5.0.0.tgz. Extracting by manifest.
994 silly tarball no local data for p-locate@https://registry.npmjs.org/p-locate/-/p-locate-4.1.0.tgz. Extracting by manifest.
995 silly tarball no local data for p-limit@https://registry.npmjs.org/p-limit/-/p-limit-2.3.0.tgz. Extracting by manifest.
996 silly tarball no local data for locate-path@https://registry.npmjs.org/locate-path/-/locate-path-5.0.0.tgz. Extracting by manifest.
997 silly tarball no local data for find-up@https://registry.npmjs.org/find-up/-/find-up-4.1.0.tgz. Extracting by manifest.
998 silly tarball no local data for js-yaml@https://registry.npmjs.org/js-yaml/-/js-yaml-3.14.1.tgz. Extracting by manifest.
999 silly tarball no local data for minimatch@https://registry.npmjs.org/minimatch/-/minimatch-3.1.2.tgz. Extracting by manifest.
1000 silly tarball no local data for brace-expansion@https://registry.npmjs.org/brace-expansion/-/brace-expansion-1.1.12.tgz. Extracting by manifest.
1001 silly tarball no local data for minimatch@https://registry.npmjs.org/minimatch/-/minimatch-3.1.2.tgz. Extracting by manifest.
1002 silly tarball no local data for brace-expansion@https://registry.npmjs.org/brace-expansion/-/brace-expansion-1.1.12.tgz. Extracting by manifest.
1003 silly tarball no local data for yallist@https://registry.npmjs.org/yallist/-/yallist-3.1.1.tgz. Extracting by manifest.
1004 silly tarball no local data for semver@https://registry.npmjs.org/semver/-/semver-6.3.1.tgz. Extracting by manifest.
1005 silly tarball no local data for lru-cache@https://registry.npmjs.org/lru-cache/-/lru-cache-5.1.1.tgz. Extracting by manifest.
1006 silly tarball no local data for semver@https://registry.npmjs.org/semver/-/semver-6.3.1.tgz. Extracting by manifest.
1007 silly tarball no local data for json5@https://registry.npmjs.org/json5/-/json5-2.2.3.tgz. Extracting by manifest.
1008 http fetch GET 200 https://registry.npmjs.org/run-parallel/-/run-parallel-1.2.0.tgz 3459ms (cache miss)
1009 timing reifyNode:node_modules/run-parallel Completed in 3933ms
1010 http fetch GET 200 https://registry.npmjs.org/rimraf/-/rimraf-3.0.2.tgz 3530ms (cache miss)
1011 warn deprecated rimraf@3.0.2: Rimraf versions prior to v4 are no longer supported
1012 timing reifyNode:node_modules/rimraf Completed in 4012ms
1013 http fetch GET 200 https://registry.npmjs.org/@pkgr/core/-/core-0.2.9.tgz 3782ms (cache miss)
1014 timing reifyNode:node_modules/@pkgr/core Completed in 4323ms
1015 http fetch GET 200 https://registry.npmjs.org/array.prototype.flat/-/array.prototype.flat-1.3.3.tgz 3809ms (cache miss)
1016 timing reifyNode:node_modules/array.prototype.flat Completed in 4329ms
1017 http fetch GET 200 https://registry.npmjs.org/jest-mock/-/jest-mock-30.0.5.tgz 3888ms (cache miss)
1018 timing reifyNode:node_modules/jest-mock Completed in 4389ms
1019 http fetch GET 200 https://registry.npmjs.org/@ungap/structured-clone/-/structured-clone-1.3.0.tgz 4010ms (cache miss)
1020 timing reifyNode:node_modules/@ungap/structured-clone Completed in 4531ms
1021 http fetch GET 200 https://registry.npmjs.org/@jest/globals/-/globals-30.1.2.tgz 4054ms (cache miss)
1022 timing reifyNode:node_modules/@jest/globals Completed in 4596ms
1023 http fetch GET 200 https://registry.npmjs.org/rrweb-cssom/-/rrweb-cssom-0.8.0.tgz 4241ms (cache miss)
1024 timing reifyNode:node_modules/rrweb-cssom Completed in 4720ms
1025 http fetch GET 200 https://registry.npmjs.org/yallist/-/yallist-4.0.0.tgz 4209ms (cache miss)
1026 timing reifyNode:node_modules/yallist Completed in 4809ms
1027 http fetch GET 200 https://registry.npmjs.org/fraction.js/-/fraction.js-4.3.7.tgz 4278ms (cache miss)
1028 timing reifyNode:node_modules/fraction.js Completed in 4788ms
1029 http fetch GET 200 https://registry.npmjs.org/keyv/-/keyv-4.5.4.tgz 4405ms (cache miss)
1030 timing reifyNode:node_modules/keyv Completed in 4907ms
1031 http fetch GET 200 https://registry.npmjs.org/xml-name-validator/-/xml-name-validator-5.0.0.tgz 4383ms (cache miss)
1032 timing reifyNode:node_modules/xml-name-validator Completed in 4988ms
1033 http fetch GET 200 https://registry.npmjs.org/xmlchars/-/xmlchars-2.2.0.tgz 4487ms (cache miss)
1034 timing reifyNode:node_modules/xmlchars Completed in 5089ms
1035 http fetch GET 200 https://registry.npmjs.org/@typescript-eslint/visitor-keys/-/visitor-keys-6.21.0.tgz 4537ms (cache miss)
1036 timing reifyNode:node_modules/@typescript-eslint/visitor-keys Completed in 5060ms
1037 http fetch GET 200 https://registry.npmjs.org/wrap-ansi/-/wrap-ansi-7.0.0.tgz 4565ms (cache miss)
1038 timing reifyNode:node_modules/wrap-ansi-cjs Completed in 5175ms
1039 http fetch GET 200 https://registry.npmjs.org/yocto-queue/-/yocto-queue-0.1.0.tgz 4632ms (cache miss)
1040 timing reifyNode:node_modules/yocto-queue Completed in 5226ms
1041 http fetch GET 200 https://registry.npmjs.org/wrap-ansi/-/wrap-ansi-8.1.0.tgz 4809ms (cache miss)
1042 timing reifyNode:node_modules/wrap-ansi Completed in 5420ms
1043 http fetch GET 200 https://registry.npmjs.org/yargs-parser/-/yargs-parser-21.1.1.tgz 4959ms (cache miss)
1044 timing reifyNode:node_modules/yargs-parser Completed in 5556ms
1045 http fetch GET 200 https://registry.npmjs.org/which-collection/-/which-collection-1.0.2.tgz 4999ms (cache miss)
1046 timing reifyNode:node_modules/which-collection Completed in 5620ms
1047 http fetch GET 200 https://registry.npmjs.org/write-file-atomic/-/write-file-atomic-5.0.1.tgz 5015ms (cache miss)
1048 timing reifyNode:node_modules/write-file-atomic Completed in 5623ms
1049 http fetch GET 200 https://registry.npmjs.org/y18n/-/y18n-5.0.8.tgz 5026ms (cache miss)
1050 timing reifyNode:node_modules/y18n Completed in 5625ms
1051 http fetch GET 200 https://registry.npmjs.org/wrappy/-/wrappy-1.0.2.tgz 5073ms (cache miss)
1052 timing reifyNode:node_modules/wrappy Completed in 5688ms
1053 http fetch GET 200 https://registry.npmjs.org/yargs/-/yargs-17.7.2.tgz 5328ms (cache miss)
1054 timing reifyNode:node_modules/yargs Completed in 5926ms
1055 http fetch GET 200 https://registry.npmjs.org/word-wrap/-/word-wrap-1.2.5.tgz 5366ms (cache miss)
1056 timing reifyNode:node_modules/word-wrap Completed in 5986ms
1057 http fetch GET 200 https://registry.npmjs.org/which-typed-array/-/which-typed-array-1.1.19.tgz 5563ms (cache miss)
1058 timing reifyNode:node_modules/which-typed-array Completed in 6185ms
1059 http fetch GET 200 https://registry.npmjs.org/ws/-/ws-8.18.3.tgz 5583ms (cache miss)
1060 timing reifyNode:node_modules/ws Completed in 6189ms
1061 http fetch GET 200 https://registry.npmjs.org/which-boxed-primitive/-/which-boxed-primitive-1.1.1.tgz 5649ms (cache miss)
1062 timing reifyNode:node_modules/which-boxed-primitive Completed in 6285ms
1063 http fetch GET 200 https://registry.npmjs.org/which/-/which-2.0.2.tgz 5763ms (cache miss)
1064 timing reifyNode:node_modules/which Completed in 6396ms
1065 http fetch GET 200 https://registry.npmjs.org/whatwg-mimetype/-/whatwg-mimetype-4.0.0.tgz 5762ms (cache miss)
1066 timing reifyNode:node_modules/whatwg-mimetype Completed in 6400ms
1067 http fetch GET 200 https://registry.npmjs.org/walker/-/walker-1.0.8.tgz 5815ms (cache miss)
1068 timing reifyNode:node_modules/walker Completed in 6460ms
1069 http fetch GET 200 https://registry.npmjs.org/whatwg-url/-/whatwg-url-14.2.0.tgz 5890ms (cache miss)
1070 timing reifyNode:node_modules/whatwg-url Completed in 6527ms
1071 http fetch GET 200 https://registry.npmjs.org/wordwrap/-/wordwrap-1.0.0.tgz 5986ms (cache miss)
1072 timing reifyNode:node_modules/wordwrap Completed in 6603ms
1073 http fetch GET 200 https://registry.npmjs.org/which-builtin-type/-/which-builtin-type-1.2.1.tgz 5971ms (cache miss)
1074 timing reifyNode:node_modules/which-builtin-type Completed in 6603ms
1075 http fetch GET 200 https://registry.npmjs.org/watchpack/-/watchpack-2.4.0.tgz 5964ms (cache miss)
1076 timing reifyNode:node_modules/watchpack Completed in 6605ms
1077 http fetch GET 200 https://registry.npmjs.org/webidl-conversions/-/webidl-conversions-7.0.0.tgz 6017ms (cache miss)
1078 timing reifyNode:node_modules/webidl-conversions Completed in 6658ms
1079 http fetch GET 200 https://registry.npmjs.org/whatwg-encoding/-/whatwg-encoding-3.1.1.tgz 6160ms (cache miss)
1080 timing reifyNode:node_modules/whatwg-encoding Completed in 6801ms
1081 http fetch GET 200 https://registry.npmjs.org/yaml/-/yaml-2.8.1.tgz 6355ms (cache miss)
1082 timing reifyNode:node_modules/yaml Completed in 6953ms
1083 http fetch GET 200 https://registry.npmjs.org/w3c-xmlserializer/-/w3c-xmlserializer-5.0.0.tgz 6400ms (cache miss)
1084 timing reifyNode:node_modules/w3c-xmlserializer Completed in 7045ms
1085 http fetch GET 200 https://registry.npmjs.org/use-sidecar/-/use-sidecar-1.1.3.tgz 6426ms (cache miss)
1086 timing reifyNode:node_modules/use-sidecar Completed in 7080ms
1087 http fetch GET 200 https://registry.npmjs.org/util-deprecate/-/util-deprecate-1.0.2.tgz 6472ms (cache miss)
1088 timing reifyNode:node_modules/util-deprecate Completed in 7123ms
1089 http fetch GET 200 https://registry.npmjs.org/v8-to-istanbul/-/v8-to-istanbul-9.3.0.tgz 6554ms (cache miss)
1090 timing reifyNode:node_modules/v8-to-istanbul Completed in 7200ms
1091 http fetch GET 200 https://registry.npmjs.org/update-browserslist-db/-/update-browserslist-db-1.1.3.tgz 6537ms (cache miss)
1092 timing reifyNode:node_modules/update-browserslist-db Completed in 7201ms
1093 http fetch GET 200 https://registry.npmjs.org/uuid/-/uuid-8.3.2.tgz 6819ms (cache miss)
1094 timing reifyNode:node_modules/uuid Completed in 7468ms
1095 http fetch GET 200 https://registry.npmjs.org/undici-types/-/undici-types-6.21.0.tgz 6818ms (cache miss)
1096 timing reifyNode:node_modules/undici-types Completed in 7484ms
1097 http fetch GET 200 https://registry.npmjs.org/warning/-/warning-4.0.3.tgz 6876ms (cache miss)
1098 timing reifyNode:node_modules/warning Completed in 7519ms
1099 http fetch GET 200 https://registry.npmjs.org/use-callback-ref/-/use-callback-ref-1.3.3.tgz 6868ms (cache miss)
1100 timing reifyNode:node_modules/use-callback-ref Completed in 7523ms
1101 http fetch GET 200 https://registry.npmjs.org/unbox-primitive/-/unbox-primitive-1.1.0.tgz 7034ms (cache miss)
1102 timing reifyNode:node_modules/unbox-primitive Completed in 7704ms
1103 http fetch GET 200 https://registry.npmjs.org/supports-color/-/supports-color-8.1.1.tgz 9568ms (cache miss)
1104 timing reifyNode:node_modules/jest-worker/node_modules/supports-color Completed in 10240ms
1105 http fetch GET 200 https://registry.npmjs.org/typed-array-length/-/typed-array-length-1.0.7.tgz 9710ms (cache miss)
1106 timing reifyNode:node_modules/typed-array-length Completed in 10385ms
1107 http fetch GET 200 https://registry.npmjs.org/use-sync-external-store/-/use-sync-external-store-1.5.0.tgz 10766ms (cache miss)
1108 timing reifyNode:node_modules/use-sync-external-store Completed in 11417ms
1109 http fetch GET 200 https://registry.npmjs.org/typed-array-buffer/-/typed-array-buffer-1.0.3.tgz 11745ms (cache miss)
1110 timing reifyNode:node_modules/typed-array-buffer Completed in 12426ms
1111 http fetch GET 200 https://registry.npmjs.org/typed-array-byte-offset/-/typed-array-byte-offset-1.0.4.tgz 11877ms (cache miss)
1112 timing reifyNode:node_modules/typed-array-byte-offset Completed in 12555ms
1113 http fetch GET 200 https://registry.npmjs.org/type-detect/-/type-detect-4.0.8.tgz 13089ms (cache miss)
1114 timing reifyNode:node_modules/type-detect Completed in 13778ms
1115 http fetch GET 200 https://registry.npmjs.org/tsconfig-paths/-/tsconfig-paths-3.15.0.tgz 14137ms (cache miss)
1116 timing reifyNode:node_modules/tsconfig-paths Completed in 14830ms
1117 http fetch GET 200 https://registry.npmjs.org/ts-jest/-/ts-jest-29.4.2.tgz 14380ms (cache miss)
1118 timing reifyNode:node_modules/ts-jest Completed in 15075ms
1119 http fetch GET 200 https://registry.npmjs.org/ts-interface-checker/-/ts-interface-checker-0.1.13.tgz 14884ms (cache miss)
1120 timing reifyNode:node_modules/ts-interface-checker Completed in 15599ms
1121 http fetch GET 200 https://registry.npmjs.org/unrs-resolver/-/unrs-resolver-1.11.1.tgz 15119ms (cache miss)
1122 timing reifyNode:node_modules/unrs-resolver Completed in 15788ms
1123 http fetch GET 200 https://registry.npmjs.org/type-fest/-/type-fest-0.20.2.tgz 15102ms (cache miss)
1124 timing reifyNode:node_modules/type-fest Completed in 15788ms
1125 http fetch GET 200 https://registry.npmjs.org/tmpl/-/tmpl-1.0.5.tgz 15867ms (cache miss)
1126 timing reifyNode:node_modules/tmpl Completed in 16588ms
1127 http fetch GET 200 https://registry.npmjs.org/victory-vendor/-/victory-vendor-37.3.6.tgz 16674ms (cache miss)
1128 timing reifyNode:node_modules/victory-vendor Completed in 17322ms
1129 http fetch GET 200 https://registry.npmjs.org/to-regex-range/-/to-regex-range-5.0.1.tgz 16727ms (cache miss)
1130 timing reifyNode:node_modules/to-regex-range Completed in 17446ms
1131 http fetch GET 200 https://registry.npmjs.org/tr46/-/tr46-5.1.1.tgz 17041ms (cache miss)
1132 timing reifyNode:node_modules/tr46 Completed in 17758ms
1133 http fetch GET 200 https://registry.npmjs.org/tough-cookie/-/tough-cookie-5.1.2.tgz 17296ms (cache miss)
1134 timing reifyNode:node_modules/tough-cookie Completed in 18014ms
1135 http fetch GET 200 https://registry.npmjs.org/type-check/-/type-check-0.4.0.tgz 17822ms (cache miss)
1136 timing reifyNode:node_modules/type-check Completed in 18513ms
1137 http fetch GET 200 https://registry.npmjs.org/postcss/-/postcss-8.4.31.tgz 17829ms (cache miss)
1138 timing reifyNode:node_modules/next/node_modules/postcss Completed in 18504ms
1139 http fetch GET 200 https://registry.npmjs.org/tslib/-/tslib-2.8.1.tgz 17978ms (cache miss)
1140 timing reifyNode:node_modules/tslib Completed in 18670ms
1141 http fetch GET 200 https://registry.npmjs.org/thenify-all/-/thenify-all-1.6.0.tgz 19372ms (cache miss)
1142 timing reifyNode:node_modules/thenify-all Completed in 20099ms
1143 http fetch GET 200 https://registry.npmjs.org/tiny-invariant/-/tiny-invariant-1.3.3.tgz 19506ms (cache miss)
1144 timing reifyNode:node_modules/tiny-invariant Completed in 20236ms
1145 http fetch GET 200 https://registry.npmjs.org/text-table/-/text-table-0.2.0.tgz 19689ms (cache miss)
1146 timing reifyNode:node_modules/text-table Completed in 20420ms
1147 http fetch GET 200 https://registry.npmjs.org/ts-api-utils/-/ts-api-utils-1.4.3.tgz 20284ms (cache miss)
1148 timing reifyNode:node_modules/ts-api-utils Completed in 20999ms
1149 http fetch GET 200 https://registry.npmjs.org/test-exclude/-/test-exclude-6.0.0.tgz 20685ms (cache miss)
1150 timing reifyNode:node_modules/test-exclude Completed in 21420ms
1151 http fetch GET 200 https://registry.npmjs.org/tldts-core/-/tldts-core-6.1.86.tgz 20699ms (cache miss)
1152 timing reifyNode:node_modules/tldts-core Completed in 21420ms
1153 http fetch GET 200 https://registry.npmjs.org/tailwindcss-animate/-/tailwindcss-animate-1.0.7.tgz 21140ms (cache miss)
1154 timing reifyNode:node_modules/tailwindcss-animate Completed in 21871ms
1155 http fetch GET 200 https://registry.npmjs.org/tinyglobby/-/tinyglobby-0.2.15.tgz 21150ms (cache miss)
1156 timing reifyNode:node_modules/tinyglobby Completed in 21875ms
1157 http fetch GET 200 https://registry.npmjs.org/thenify/-/thenify-3.3.1.tgz 21294ms (cache miss)
1158 timing reifyNode:node_modules/thenify Completed in 22023ms
1159 http fetch GET 200 https://registry.npmjs.org/supports-preserve-symlinks-flag/-/supports-preserve-symlinks-flag-1.0.0.tgz 21348ms (cache miss)
1160 timing reifyNode:node_modules/supports-preserve-symlinks-flag Completed in 22097ms
1161 http fetch GET 200 https://registry.npmjs.org/synckit/-/synckit-0.11.11.tgz 21351ms (cache miss)
1162 timing reifyNode:node_modules/synckit Completed in 22098ms
1163 http fetch GET 200 https://registry.npmjs.org/symbol-tree/-/symbol-tree-3.2.4.tgz 21467ms (cache miss)
1164 timing reifyNode:node_modules/symbol-tree Completed in 22216ms
1165 http fetch GET 200 https://registry.npmjs.org/strip-indent/-/strip-indent-3.0.0.tgz 21667ms (cache miss)
1166 timing reifyNode:node_modules/strip-indent Completed in 22424ms
1167 http fetch GET 200 https://registry.npmjs.org/strip-json-comments/-/strip-json-comments-3.1.1.tgz 21863ms (cache miss)
1168 timing reifyNode:node_modules/strip-json-comments Completed in 22619ms
1169 http fetch GET 200 https://registry.npmjs.org/supports-color/-/supports-color-7.2.0.tgz 21891ms (cache miss)
1170 timing reifyNode:node_modules/supports-color Completed in 22643ms
1171 http fetch GET 200 https://registry.npmjs.org/strip-final-newline/-/strip-final-newline-2.0.0.tgz 22024ms (cache miss)
1172 timing reifyNode:node_modules/strip-final-newline Completed in 22782ms
1173 http fetch GET 200 https://registry.npmjs.org/uri-js/-/uri-js-4.4.1.tgz 22201ms (cache miss)
1174 timing reifyNode:node_modules/uri-js Completed in 22864ms
1175 http fetch GET 200 https://registry.npmjs.org/strip-bom/-/strip-bom-3.0.0.tgz 22283ms (cache miss)
1176 timing reifyNode:node_modules/strip-bom Completed in 23042ms
1177 http fetch GET 200 https://registry.npmjs.org/strip-ansi/-/strip-ansi-6.0.1.tgz 22531ms (cache miss)
1178 timing reifyNode:node_modules/strip-ansi Completed in 23292ms
1179 http fetch GET 200 https://registry.npmjs.org/strip-ansi/-/strip-ansi-6.0.1.tgz 22649ms (cache miss)
1180 timing reifyNode:node_modules/strip-ansi-cjs Completed in 23410ms
1181 http fetch GET 200 https://registry.npmjs.org/string.prototype.trimend/-/string.prototype.trimend-1.0.9.tgz 22919ms (cache miss)
1182 timing reifyNode:node_modules/string.prototype.trimend Completed in 23683ms
1183 http fetch GET 200 https://registry.npmjs.org/string.prototype.trim/-/string.prototype.trim-1.2.10.tgz 22932ms (cache miss)
1184 timing reifyNode:node_modules/string.prototype.trim Completed in 23699ms
1185 http fetch GET 200 https://registry.npmjs.org/string.prototype.trimstart/-/string.prototype.trimstart-1.0.8.tgz 23088ms (cache miss)
1186 timing reifyNode:node_modules/string.prototype.trimstart Completed in 23851ms
1187 http fetch GET 200 https://registry.npmjs.org/typed-array-byte-length/-/typed-array-byte-length-1.0.3.tgz 23166ms (cache miss)
1188 timing reifyNode:node_modules/typed-array-byte-length Completed in 23855ms
1189 http fetch GET 200 https://registry.npmjs.org/string-width/-/string-width-4.2.3.tgz 23296ms (cache miss)
1190 timing reifyNode:node_modules/string-width-cjs Completed in 24074ms
1191 http fetch GET 200 https://registry.npmjs.org/uglify-js/-/uglify-js-3.19.3.tgz 23521ms (cache miss)
1192 timing reifyNode:node_modules/uglify-js Completed in 24194ms
1193 http fetch GET 200 https://registry.npmjs.org/string.prototype.includes/-/string.prototype.includes-2.0.1.tgz 23429ms (cache miss)
1194 timing reifyNode:node_modules/string.prototype.includes Completed in 24198ms
1195 http fetch GET 200 https://registry.npmjs.org/string-width/-/string-width-5.1.2.tgz 23671ms (cache miss)
1196 timing reifyNode:node_modules/string-width Completed in 24450ms
1197 http fetch GET 200 https://registry.npmjs.org/tailwind-merge/-/tailwind-merge-2.6.0.tgz 23917ms (cache miss)
1198 timing reifyNode:node_modules/tailwind-merge Completed in 24663ms
1199 http fetch GET 200 https://registry.npmjs.org/streamsearch/-/streamsearch-1.1.0.tgz 23954ms (cache miss)
1200 http fetch GET 200 https://registry.npmjs.org/stack-utils/-/stack-utils-2.0.6.tgz 23951ms (cache miss)
1201 timing reifyNode:node_modules/stack-utils Completed in 24735ms
1202 http fetch GET 200 https://registry.npmjs.org/stop-iteration-iterator/-/stop-iteration-iterator-1.1.0.tgz 23955ms (cache miss)
1203 timing reifyNode:node_modules/stop-iteration-iterator Completed in 24738ms
1204 timing reifyNode:node_modules/streamsearch Completed in 24739ms
1205 http fetch GET 200 https://registry.npmjs.org/string-length/-/string-length-4.0.2.tgz 24199ms (cache miss)
1206 timing reifyNode:node_modules/string-length Completed in 24979ms
1207 http fetch GET 200 https://registry.npmjs.org/stable-hash/-/stable-hash-0.0.5.tgz 24330ms (cache miss)
1208 timing reifyNode:node_modules/stable-hash Completed in 25115ms
1209 http fetch GET 200 https://registry.npmjs.org/string.prototype.repeat/-/string.prototype.repeat-1.0.0.tgz 24405ms (cache miss)
1210 timing reifyNode:node_modules/string.prototype.repeat Completed in 25171ms
1211 http fetch GET 200 https://registry.npmjs.org/string.prototype.matchall/-/string.prototype.matchall-4.0.12.tgz 24612ms (cache miss)
1212 timing reifyNode:node_modules/string.prototype.matchall Completed in 25380ms
1213 http fetch GET 200 https://registry.npmjs.org/sucrase/-/sucrase-3.35.0.tgz 24745ms (cache miss)
1214 timing reifyNode:node_modules/sucrase Completed in 25499ms
1215 http fetch GET 200 https://registry.npmjs.org/es-toolkit/-/es-toolkit-1.39.10.tgz 25017ms (cache miss)
1216 timing reifyNode:node_modules/es-toolkit Completed in 25526ms
1217 http fetch GET 200 https://registry.npmjs.org/argparse/-/argparse-1.0.10.tgz 24764ms (cache miss)
1218 timing reifyNode:node_modules/@istanbuljs/load-nyc-config/node_modules/argparse Completed in 25532ms
1219 http fetch GET 200 https://registry.npmjs.org/sprintf-js/-/sprintf-js-1.0.3.tgz 24780ms (cache miss)
1220 timing reifyNode:node_modules/sprintf-js Completed in 25565ms
1221 http fetch GET 200 https://registry.npmjs.org/source-map-support/-/source-map-support-0.5.13.tgz 24835ms (cache miss)
1222 timing reifyNode:node_modules/source-map-support Completed in 25622ms
1223 http fetch GET 200 https://registry.npmjs.org/strip-ansi/-/strip-ansi-7.1.2.tgz 24892ms (cache miss)
1224 timing reifyNode:node_modules/@isaacs/cliui/node_modules/strip-ansi Completed in 25655ms
1225 http fetch GET 200 https://registry.npmjs.org/ansi-regex/-/ansi-regex-6.2.2.tgz 24952ms (cache miss)
1226 timing reifyNode:node_modules/@isaacs/cliui/node_modules/ansi-regex Completed in 25718ms
1227 http fetch GET 200 https://registry.npmjs.org/shebang-regex/-/shebang-regex-3.0.0.tgz 25152ms (cache miss)
1228 timing reifyNode:node_modules/shebang-regex Completed in 25969ms
1229 http fetch GET 200 https://registry.npmjs.org/signal-exit/-/signal-exit-4.1.0.tgz 25298ms (cache miss)
1230 http fetch GET 200 https://registry.npmjs.org/side-channel-weakmap/-/side-channel-weakmap-1.0.2.tgz 25296ms (cache miss)
1231 timing reifyNode:node_modules/side-channel-weakmap Completed in 26098ms
1232 timing reifyNode:node_modules/signal-exit Completed in 26103ms
1233 http fetch GET 200 https://registry.npmjs.org/slash/-/slash-3.0.0.tgz 25371ms (cache miss)
1234 timing reifyNode:node_modules/slash Completed in 26169ms
1235 http fetch GET 200 https://registry.npmjs.org/styled-jsx/-/styled-jsx-5.1.1.tgz 25633ms (cache miss)
1236 timing reifyNode:node_modules/styled-jsx Completed in 26386ms
1237 http fetch GET 200 https://registry.npmjs.org/side-channel-map/-/side-channel-map-1.0.1.tgz 25585ms (cache miss)
1238 timing reifyNode:node_modules/side-channel-map Completed in 26388ms
1239 http fetch GET 200 https://registry.npmjs.org/side-channel/-/side-channel-1.1.0.tgz 25647ms (cache miss)
1240 timing reifyNode:node_modules/side-channel Completed in 26463ms
1241 http fetch GET 200 https://registry.npmjs.org/side-channel-list/-/side-channel-list-1.0.0.tgz 25712ms (cache miss)
1242 timing reifyNode:node_modules/side-channel-list Completed in 26527ms
1243 http fetch GET 200 https://registry.npmjs.org/shebang-command/-/shebang-command-2.0.0.tgz 25829ms (cache miss)
1244 timing reifyNode:node_modules/shebang-command Completed in 26646ms
1245 http fetch GET 200 https://registry.npmjs.org/set-proto/-/set-proto-1.0.0.tgz 25829ms (cache miss)
1246 timing reifyNode:node_modules/set-proto Completed in 26648ms
1247 http fetch GET 200 https://registry.npmjs.org/source-map-js/-/source-map-js-1.2.1.tgz 25911ms (cache miss)
1248 timing reifyNode:node_modules/source-map-js Completed in 26700ms
1249 http fetch GET 200 https://registry.npmjs.org/set-function-length/-/set-function-length-1.2.2.tgz 25947ms (cache miss)
1250 timing reifyNode:node_modules/set-function-length Completed in 26769ms
1251 http fetch GET 200 https://registry.npmjs.org/set-function-name/-/set-function-name-2.0.2.tgz 26008ms (cache miss)
1252 timing reifyNode:node_modules/set-function-name Completed in 26827ms
1253 http fetch GET 200 https://registry.npmjs.org/safer-buffer/-/safer-buffer-2.1.2.tgz 26292ms (cache miss)
1254 timing reifyNode:node_modules/safer-buffer Completed in 27119ms
1255 http fetch GET 200 https://registry.npmjs.org/safe-push-apply/-/safe-push-apply-1.0.0.tgz 26373ms (cache miss)
1256 timing reifyNode:node_modules/safe-push-apply Completed in 27203ms
1257 http fetch GET 200 https://registry.npmjs.org/semver/-/semver-7.7.2.tgz 26408ms (cache miss)
1258 timing reifyNode:node_modules/semver Completed in 27234ms
1259 http fetch GET 200 https://registry.npmjs.org/safe-array-concat/-/safe-array-concat-1.1.3.tgz 26435ms (cache miss)
1260 timing reifyNode:node_modules/safe-array-concat Completed in 27266ms
1261 http fetch GET 200 https://registry.npmjs.org/zod/-/zod-3.25.76.tgz 26691ms (cache miss)
1262 timing reifyNode:node_modules/zod Completed in 27285ms
1263 http fetch GET 200 https://registry.npmjs.org/safe-regex-test/-/safe-regex-test-1.1.0.tgz 26481ms (cache miss)
1264 timing reifyNode:node_modules/safe-regex-test Completed in 27309ms
1265 http fetch GET 200 https://registry.npmjs.org/scheduler/-/scheduler-0.23.2.tgz 26490ms (cache miss)
1266 timing reifyNode:node_modules/scheduler Completed in 27315ms
1267 http fetch GET 200 https://registry.npmjs.org/resolve-from/-/resolve-from-4.0.0.tgz 26586ms (cache miss)
1268 timing reifyNode:node_modules/resolve-from Completed in 27420ms
1269 http fetch GET 200 https://registry.npmjs.org/reusify/-/reusify-1.1.0.tgz 26646ms (cache miss)
1270 timing reifyNode:node_modules/reusify Completed in 27482ms
1271 http fetch GET 200 https://registry.npmjs.org/resolve-pkg-maps/-/resolve-pkg-maps-1.0.0.tgz 26708ms (cache miss)
1272 timing reifyNode:node_modules/resolve-pkg-maps Completed in 27542ms
1273 http fetch GET 200 https://registry.npmjs.org/regexp.prototype.flags/-/regexp.prototype.flags-1.5.4.tgz 26875ms (cache miss)
1274 timing reifyNode:node_modules/regexp.prototype.flags Completed in 27726ms
1275 http fetch GET 200 https://registry.npmjs.org/resolve-cwd/-/resolve-cwd-3.0.0.tgz 27030ms (cache miss)
1276 timing reifyNode:node_modules/resolve-cwd Completed in 27866ms
1277 http fetch GET 200 https://registry.npmjs.org/redux-thunk/-/redux-thunk-3.1.0.tgz 27078ms (cache miss)
1278 http fetch GET 200 https://registry.npmjs.org/saxes/-/saxes-6.0.0.tgz 27107ms (cache miss)
1279 timing reifyNode:node_modules/saxes Completed in 27932ms
1280 timing reifyNode:node_modules/redux-thunk Completed in 27933ms
1281 http fetch GET 200 https://registry.npmjs.org/require-directory/-/require-directory-2.1.1.tgz 27129ms (cache miss)
1282 timing reifyNode:node_modules/require-directory Completed in 27976ms
1283 http fetch GET 200 https://registry.npmjs.org/reflect.getprototypeof/-/reflect.getprototypeof-1.0.10.tgz 27195ms (cache miss)
1284 timing reifyNode:node_modules/reflect.getprototypeof Completed in 28047ms
1285 http fetch GET 200 https://registry.npmjs.org/resolve/-/resolve-1.22.10.tgz 27264ms (cache miss)
1286 timing reifyNode:node_modules/resolve Completed in 28101ms
1287 http fetch GET 200 https://registry.npmjs.org/redent/-/redent-3.0.0.tgz 27386ms (cache miss)
1288 timing reifyNode:node_modules/redent Completed in 28242ms
1289 http fetch GET 200 https://registry.npmjs.org/react-style-singleton/-/react-style-singleton-2.2.3.tgz 28835ms (cache miss)
1290 http fetch GET 200 https://registry.npmjs.org/read-cache/-/read-cache-1.0.0.tgz 28837ms (cache miss)
1291 timing reifyNode:node_modules/read-cache Completed in 29700ms
1292 http fetch GET 200 https://registry.npmjs.org/react-remove-scroll-bar/-/react-remove-scroll-bar-2.3.8.tgz 28848ms (cache miss)
1293 timing reifyNode:node_modules/react-remove-scroll-bar Completed in 29714ms
1294 timing reifyNode:node_modules/react-style-singleton Completed in 29714ms
1295 http fetch GET 200 https://registry.npmjs.org/reselect/-/reselect-5.1.1.tgz 28883ms (cache miss)
1296 timing reifyNode:node_modules/reselect Completed in 29721ms
1297 http fetch GET 200 https://registry.npmjs.org/redux/-/redux-5.0.1.tgz 28984ms (cache miss)
1298 timing reifyNode:node_modules/redux Completed in 29839ms
1299 http fetch GET 200 https://registry.npmjs.org/readdirp/-/readdirp-3.6.0.tgz 29058ms (cache miss)
1300 timing reifyNode:node_modules/readdirp Completed in 29919ms
1301 http fetch GET 200 https://registry.npmjs.org/react-hot-toast/-/react-hot-toast-2.6.0.tgz 29456ms (cache miss)
1302 timing reifyNode:node_modules/react-hot-toast Completed in 30330ms
1303 http fetch GET 200 https://registry.npmjs.org/react-is/-/react-is-16.13.1.tgz 29692ms (cache miss)
1304 timing reifyNode:node_modules/react-is Completed in 30564ms
1305 http fetch GET 200 https://registry.npmjs.org/punycode/-/punycode-2.3.1.tgz 29881ms (cache miss)
1306 timing reifyNode:node_modules/punycode Completed in 30774ms
1307 http fetch GET 200 https://registry.npmjs.org/react-remove-scroll/-/react-remove-scroll-2.7.1.tgz 29915ms (cache miss)
1308 timing reifyNode:node_modules/react-remove-scroll Completed in 30783ms
1309 http fetch GET 200 https://registry.npmjs.org/source-map/-/source-map-0.6.1.tgz 30046ms (cache miss)
1310 timing reifyNode:node_modules/source-map Completed in 30836ms
1311 http fetch GET 200 https://registry.npmjs.org/proxy-from-env/-/proxy-from-env-1.1.0.tgz 30063ms (cache miss)
1312 timing reifyNode:node_modules/proxy-from-env Completed in 30957ms
1313 http fetch GET 200 https://registry.npmjs.org/react-pdf/-/react-pdf-10.1.0.tgz 30092ms (cache miss)
1314 timing reifyNode:node_modules/react-pdf Completed in 30964ms
1315 http fetch GET 200 https://registry.npmjs.org/queue-microtask/-/queue-microtask-1.2.3.tgz 30317ms (cache miss)
1316 timing reifyNode:node_modules/queue-microtask Completed in 31208ms
1317 http fetch GET 200 https://registry.npmjs.org/pretty-format/-/pretty-format-3.8.0.tgz 30383ms (cache miss)
1318 timing reifyNode:node_modules/pretty-format Completed in 31279ms
1319 http fetch GET 200 https://registry.npmjs.org/pure-rand/-/pure-rand-7.0.1.tgz 30916ms (cache miss)
1320 timing reifyNode:node_modules/pure-rand Completed in 31808ms
1321 http fetch GET 200 https://registry.npmjs.org/prop-types/-/prop-types-15.8.1.tgz 31013ms (cache miss)
1322 timing reifyNode:node_modules/prop-types Completed in 31908ms
1323 http fetch GET 200 https://registry.npmjs.org/react/-/react-18.3.1.tgz 31352ms (cache miss)
1324 timing reifyNode:node_modules/react Completed in 32242ms
1325 http fetch GET 200 https://registry.npmjs.org/prelude-ls/-/prelude-ls-1.2.1.tgz 31660ms (cache miss)
1326 timing reifyNode:node_modules/prelude-ls Completed in 32560ms
1327 http fetch GET 200 https://registry.npmjs.org/postcss-nested/-/postcss-nested-6.2.0.tgz 32096ms (cache miss)
1328 timing reifyNode:node_modules/postcss-nested Completed in 33002ms
1329 http fetch GET 200 https://registry.npmjs.org/react-redux/-/react-redux-9.2.0.tgz 32186ms (cache miss)
1330 timing reifyNode:node_modules/react-redux Completed in 33055ms
1331 http fetch GET 200 https://registry.npmjs.org/postcss-js/-/postcss-js-4.1.0.tgz 32770ms (cache miss)
1332 timing reifyNode:node_modules/postcss-js Completed in 33678ms
1333 http fetch GET 200 https://registry.npmjs.org/possible-typed-array-names/-/possible-typed-array-names-1.1.0.tgz 33561ms (cache miss)
1334 timing reifyNode:node_modules/possible-typed-array-names Completed in 34472ms
1335 http fetch GET 200 https://registry.npmjs.org/postcss-import/-/postcss-import-15.1.0.tgz 34005ms (cache miss)
1336 timing reifyNode:node_modules/postcss-import Completed in 34913ms
1337 http fetch GET 200 https://registry.npmjs.org/react-hook-form/-/react-hook-form-7.62.0.tgz 34053ms (cache miss)
1338 timing reifyNode:node_modules/react-hook-form Completed in 34929ms
1339 http fetch GET 200 https://registry.npmjs.org/postcss-selector-parser/-/postcss-selector-parser-6.1.2.tgz 34084ms (cache miss)
1340 timing reifyNode:node_modules/postcss-selector-parser Completed in 34988ms
1341 http fetch GET 200 https://registry.npmjs.org/pirates/-/pirates-4.0.7.tgz 34384ms (cache miss)
1342 timing reifyNode:node_modules/pirates Completed in 35306ms
1343 http fetch GET 200 https://registry.npmjs.org/pify/-/pify-2.3.0.tgz 34699ms (cache miss)
1344 timing reifyNode:node_modules/pify Completed in 35624ms
1345 http fetch GET 200 https://registry.npmjs.org/pkg-dir/-/pkg-dir-4.2.0.tgz 34824ms (cache miss)
1346 timing reifyNode:node_modules/pkg-dir Completed in 35749ms
1347 http fetch GET 200 https://registry.npmjs.org/picomatch/-/picomatch-2.3.1.tgz 34901ms (cache miss)
1348 timing reifyNode:node_modules/picomatch Completed in 35827ms
1349 http fetch GET 200 https://registry.npmjs.org/preact-render-to-string/-/preact-render-to-string-5.2.6.tgz 34936ms (cache miss)
1350 timing reifyNode:node_modules/preact-render-to-string Completed in 35836ms
1351 http fetch GET 200 https://registry.npmjs.org/path-type/-/path-type-4.0.0.tgz 34964ms (cache miss)
1352 timing reifyNode:node_modules/path-type Completed in 35892ms
1353 http fetch GET 200 https://registry.npmjs.org/picocolors/-/picocolors-1.1.1.tgz 35216ms (cache miss)
1354 timing reifyNode:node_modules/picocolors Completed in 36142ms
1355 http fetch GET 200 https://registry.npmjs.org/tailwindcss/-/tailwindcss-3.4.17.tgz 35942ms (cache miss)
1356 timing reifyNode:node_modules/tailwindcss Completed in 36676ms
1357 http fetch GET 200 https://registry.npmjs.org/path-key/-/path-key-3.1.1.tgz 35995ms (cache miss)
1358 timing reifyNode:node_modules/path-key Completed in 36927ms
1359 http fetch GET 200 https://registry.npmjs.org/postcss-value-parser/-/postcss-value-parser-4.2.0.tgz 36205ms (cache miss)
1360 timing reifyNode:node_modules/postcss-value-parser Completed in 37110ms
1361 http fetch GET 200 https://registry.npmjs.org/postcss/-/postcss-8.5.6.tgz 36467ms (cache miss)
1362 timing reifyNode:node_modules/postcss Completed in 37378ms
1363 http fetch GET 200 https://registry.npmjs.org/path-is-absolute/-/path-is-absolute-1.0.1.tgz 37118ms (cache miss)
1364 timing reifyNode:node_modules/path-is-absolute Completed in 38053ms
1365 http fetch GET 200 https://registry.npmjs.org/parent-module/-/parent-module-1.0.1.tgz 38286ms (cache miss)
1366 timing reifyNode:node_modules/parent-module Completed in 39225ms
1367 http fetch GET 200 https://registry.npmjs.org/parse-json/-/parse-json-5.2.0.tgz 40217ms (cache miss)
1368 timing reifyNode:node_modules/parse-json Completed in 41155ms
1369 http fetch GET 200 https://registry.npmjs.org/prettier-plugin-tailwindcss/-/prettier-plugin-tailwindcss-0.5.14.tgz 40686ms (cache miss)
1370 timing reifyNode:node_modules/prettier-plugin-tailwindcss Completed in 41584ms
1371 http fetch GET 200 https://registry.npmjs.org/p-try/-/p-try-2.2.0.tgz 41618ms (cache miss)
1372 timing reifyNode:node_modules/p-try Completed in 42560ms
1373 http fetch GET 200 https://registry.npmjs.org/preact/-/preact-10.27.2.tgz 42969ms (cache miss)
1374 timing reifyNode:node_modules/preact Completed in 43872ms
1375 http fetch GET 200 https://registry.npmjs.org/optionator/-/optionator-0.9.4.tgz 43626ms (cache miss)
1376 timing reifyNode:node_modules/optionator Completed in 44646ms
1377 http fetch GET 200 https://registry.npmjs.org/path-parse/-/path-parse-1.0.7.tgz 43715ms (cache miss)
1378 timing reifyNode:node_modules/path-parse Completed in 44646ms
1379 http fetch GET 200 https://registry.npmjs.org/onetime/-/onetime-5.1.2.tgz 44127ms (cache miss)
1380 timing reifyNode:node_modules/onetime Completed in 45149ms
1381 http fetch GET 200 https://registry.npmjs.org/openid-client/-/openid-client-5.7.1.tgz 44757ms (cache miss)
1382 timing reifyNode:node_modules/openid-client Completed in 45777ms
1383 http fetch GET 200 https://registry.npmjs.org/once/-/once-1.4.0.tgz 44874ms (cache miss)
1384 timing reifyNode:node_modules/once Completed in 45897ms
1385 http fetch GET 200 https://registry.npmjs.org/oidc-token-hash/-/oidc-token-hash-5.1.1.tgz 45367ms (cache miss)
1386 timing reifyNode:node_modules/oidc-token-hash Completed in 46391ms
1387 http fetch GET 200 https://registry.npmjs.org/path-exists/-/path-exists-4.0.0.tgz 45872ms (cache miss)
1388 timing reifyNode:node_modules/path-exists Completed in 46807ms
1389 http fetch GET 200 https://registry.npmjs.org/object.values/-/object.values-1.2.1.tgz 45898ms (cache miss)
1390 timing reifyNode:node_modules/object.values Completed in 46925ms
1391 http fetch GET 200 https://registry.npmjs.org/object.groupby/-/object.groupby-1.0.3.tgz 46175ms (cache miss)
1392 timing reifyNode:node_modules/object.groupby Completed in 47204ms
1393 http fetch GET 200 https://registry.npmjs.org/object.fromentries/-/object.fromentries-2.0.8.tgz 46311ms (cache miss)
1394 timing reifyNode:node_modules/object.fromentries Completed in 47345ms
1395 verbose stack Error: Socket timeout
1395 verbose stack     at TLSSocket.onTimeout (/usr/share/nodejs/npm/node_modules/agentkeepalive/lib/agent.js:346:23)
1395 verbose stack     at TLSSocket.emit (node:events:529:35)
1395 verbose stack     at Socket._onTimeout (node:net:599:8)
1395 verbose stack     at listOnTimeout (node:internal/timers:569:17)
1395 verbose stack     at process.processTimers (node:internal/timers:512:7)
1396 verbose cwd /home/aremzy03/Document/cursor_projects/incel_apps/incel_esign_app/incel-e-sign-web-app-front-end
1397 verbose Linux 6.6.87.2-microsoft-standard-WSL2
1398 verbose node v18.19.1
1399 verbose npm  v9.2.0
1400 error code ERR_SOCKET_TIMEOUT
1401 error network Socket timeout
1402 error network This is a problem related to network connectivity.
1402 error network In most cases you are behind a proxy or have bad network settings.
1402 error network
1402 error network If you are behind a proxy, please make sure that the
1402 error network 'proxy' config is set properly.  See: 'npm help config'
1403 verbose exit 1
1404 timing npm Completed in 54028ms
1405 verbose unfinished npm timer command:ci 1759230591461
1406 verbose unfinished npm timer reify 1759230592824
1407 verbose unfinished npm timer reify:unpack 1759230593202
1408 verbose unfinished npm timer reifyNode:node_modules/yargs/node_modules/string-width 1759230593204
1409 verbose unfinished npm timer reifyNode:node_modules/yargs/node_modules/emoji-regex 1759230593204
1410 verbose unfinished npm timer reifyNode:node_modules/wrap-ansi-cjs/node_modules/string-width 1759230593206
1411 verbose unfinished npm timer reifyNode:node_modules/wrap-ansi-cjs/node_modules/emoji-regex 1759230593206
1412 verbose unfinished npm timer reifyNode:node_modules/wrap-ansi/node_modules/strip-ansi 1759230593206
1413 verbose unfinished npm timer reifyNode:node_modules/wrap-ansi/node_modules/ansi-styles 1759230593206
1414 verbose unfinished npm timer reifyNode:node_modules/wrap-ansi/node_modules/ansi-regex 1759230593206
1415 verbose unfinished npm timer reifyNode:node_modules/typescript 1759230593209
1416 verbose unfinished npm timer reifyNode:node_modules/ts-jest/node_modules/type-fest 1759230593209
1417 verbose unfinished npm timer reifyNode:node_modules/ts-jest/node_modules/json5 1759230593209
1418 verbose unfinished npm timer reifyNode:node_modules/tldts 1759230593210
1419 verbose unfinished npm timer reifyNode:node_modules/tinyglobby/node_modules/picomatch 1759230593210
1420 verbose unfinished npm timer reifyNode:node_modules/tinyglobby/node_modules/fdir 1759230593210
1421 verbose unfinished npm timer reifyNode:node_modules/test-exclude/node_modules/minimatch 1759230593210
1422 verbose unfinished npm timer reifyNode:node_modules/test-exclude/node_modules/brace-expansion 1759230593210
1423 verbose unfinished npm timer reifyNode:node_modules/tailwindcss/node_modules/postcss-load-config 1759230593211
1424 verbose unfinished npm timer reifyNode:node_modules/sucrase/node_modules/minimatch 1759230593211
1425 verbose unfinished npm timer reifyNode:node_modules/sucrase/node_modules/glob 1759230593211
1426 verbose unfinished npm timer reifyNode:node_modules/string-width-cjs/node_modules/emoji-regex 1759230593212
1427 verbose unfinished npm timer reifyNode:node_modules/string-width/node_modules/strip-ansi 1759230593212
1428 verbose unfinished npm timer reifyNode:node_modules/string-width/node_modules/ansi-regex 1759230593212
1429 verbose unfinished npm timer reifyNode:node_modules/stack-utils/node_modules/escape-string-regexp 1759230593213
1430 verbose unfinished npm timer reifyNode:node_modules/resolve-cwd/node_modules/resolve-from 1759230593215
1431 verbose unfinished npm timer reifyNode:node_modules/recharts 1759230593215
1432 verbose unfinished npm timer reifyNode:node_modules/react-dom 1759230593215
1433 verbose unfinished npm timer reifyNode:node_modules/prettier 1759230593216
1434 verbose unfinished npm timer reifyNode:node_modules/pkg-dir/node_modules/p-locate 1759230593216
1435 verbose unfinished npm timer reifyNode:node_modules/pkg-dir/node_modules/p-limit 1759230593216
1436 verbose unfinished npm timer reifyNode:node_modules/pkg-dir/node_modules/locate-path 1759230593216
1437 verbose unfinished npm timer reifyNode:node_modules/pkg-dir/node_modules/find-up 1759230593216
1438 verbose unfinished npm timer reifyNode:node_modules/pdfjs-dist 1759230593217
1439 verbose unfinished npm timer reifyNode:node_modules/path-scurry 1759230593217
1440 verbose unfinished npm timer reifyNode:node_modules/parse5 1759230593217
1441 verbose unfinished npm timer reifyNode:node_modules/package-json-from-dist 1759230593217
1442 verbose unfinished npm timer reifyNode:node_modules/p-locate 1759230593217
1443 verbose unfinished npm timer reifyNode:node_modules/p-limit 1759230593217
1444 verbose unfinished npm timer reifyNode:node_modules/own-keys 1759230593217
1445 verbose unfinished npm timer reifyNode:node_modules/openid-client/node_modules/object-hash 1759230593217
1446 verbose unfinished npm timer reifyNode:node_modules/openid-client/node_modules/lru-cache 1759230593217
1447 verbose unfinished npm timer reifyNode:node_modules/object.entries 1759230593217
1448 verbose unfinished npm timer reifyNode:node_modules/object.assign 1759230593217
1449 verbose unfinished npm timer reifyNode:node_modules/object-keys 1759230593217
1450 verbose unfinished npm timer reifyNode:node_modules/object-inspect 1759230593218
1451 verbose unfinished npm timer reifyNode:node_modules/object-hash 1759230593218
1452 verbose unfinished npm timer reifyNode:node_modules/object-assign 1759230593218
1453 verbose unfinished npm timer reifyNode:node_modules/oauth 1759230593218
1454 verbose unfinished npm timer reifyNode:node_modules/nwsapi 1759230593218
1455 verbose unfinished npm timer reifyNode:node_modules/npm-run-path 1759230593218
1456 verbose unfinished npm timer reifyNode:node_modules/normalize-range 1759230593218
1457 verbose unfinished npm timer reifyNode:node_modules/normalize-path 1759230593218
1458 verbose unfinished npm timer reifyNode:node_modules/node-releases 1759230593218
1459 verbose unfinished npm timer reifyNode:node_modules/node-int64 1759230593218
1460 verbose unfinished npm timer reifyNode:node_modules/next-auth 1759230593218
1461 verbose unfinished npm timer reifyNode:node_modules/next 1759230593218
1462 verbose unfinished npm timer reifyNode:node_modules/neo-async 1759230593218
1463 verbose unfinished npm timer reifyNode:node_modules/natural-compare 1759230593218
1464 verbose unfinished npm timer reifyNode:node_modules/napi-postinstall 1759230593218
1465 verbose unfinished npm timer reifyNode:node_modules/nanoid 1759230593218
1466 verbose unfinished npm timer reifyNode:node_modules/mz 1759230593218
1467 verbose unfinished npm timer reifyNode:node_modules/ms 1759230593218
1468 verbose unfinished npm timer reifyNode:node_modules/motion-utils 1759230593218
1469 verbose unfinished npm timer reifyNode:node_modules/motion-dom 1759230593218
1470 verbose unfinished npm timer reifyNode:node_modules/minipass 1759230593218
1471 verbose unfinished npm timer reifyNode:node_modules/minimist 1759230593218
1472 verbose unfinished npm timer reifyNode:node_modules/minimatch 1759230593218
1473 verbose unfinished npm timer reifyNode:node_modules/min-indent 1759230593218
1474 verbose unfinished npm timer reifyNode:node_modules/mimic-fn 1759230593218
1475 verbose unfinished npm timer reifyNode:node_modules/mime-types 1759230593218
1476 verbose unfinished npm timer reifyNode:node_modules/mime-db 1759230593218
1477 verbose unfinished npm timer reifyNode:node_modules/micromatch 1759230593218
1478 verbose unfinished npm timer reifyNode:node_modules/merge2 1759230593218
1479 verbose unfinished npm timer reifyNode:node_modules/merge-stream 1759230593218
1480 verbose unfinished npm timer reifyNode:node_modules/merge-refs 1759230593218
1481 verbose unfinished npm timer reifyNode:node_modules/math-intrinsics 1759230593219
1482 verbose unfinished npm timer reifyNode:node_modules/makeerror 1759230593219
1483 verbose unfinished npm timer reifyNode:node_modules/make-event-props 1759230593219
1484 verbose unfinished npm timer reifyNode:node_modules/make-error 1759230593219
1485 verbose unfinished npm timer reifyNode:node_modules/make-dir 1759230593219
1486 verbose unfinished npm timer reifyNode:node_modules/make-cancellable-promise 1759230593219
1487 verbose unfinished npm timer reifyNode:node_modules/lz-string 1759230593219
1488 verbose unfinished npm timer reifyNode:node_modules/lucide-react 1759230593219
1489 verbose unfinished npm timer reifyNode:node_modules/lru-cache 1759230593219
1490 verbose unfinished npm timer reifyNode:node_modules/loose-envify 1759230593219
1491 verbose unfinished npm timer reifyNode:node_modules/lodash.merge 1759230593219
1492 verbose unfinished npm timer reifyNode:node_modules/lodash.memoize 1759230593219
1493 verbose unfinished npm timer reifyNode:node_modules/locate-path 1759230593219
1494 verbose unfinished npm timer reifyNode:node_modules/lines-and-columns 1759230593219
1495 verbose unfinished npm timer reifyNode:node_modules/lilconfig 1759230593219
1496 verbose unfinished npm timer reifyNode:node_modules/levn 1759230593219
1497 verbose unfinished npm timer reifyNode:node_modules/leven 1759230593219
1498 verbose unfinished npm timer reifyNode:node_modules/language-tags 1759230593219
1499 verbose unfinished npm timer reifyNode:node_modules/language-subtag-registry 1759230593219
1500 verbose unfinished npm timer reifyNode:node_modules/jsx-ast-utils 1759230593219
1501 verbose unfinished npm timer reifyNode:node_modules/json5 1759230593220
1502 verbose unfinished npm timer reifyNode:node_modules/json-stable-stringify-without-jsonify 1759230593220
1503 verbose unfinished npm timer reifyNode:node_modules/json-schema-traverse 1759230593220
1504 verbose unfinished npm timer reifyNode:node_modules/json-parse-even-better-errors 1759230593220
1505 verbose unfinished npm timer reifyNode:node_modules/json-buffer 1759230593220
1506 verbose unfinished npm timer reifyNode:node_modules/jsesc 1759230593220
1507 verbose unfinished npm timer reifyNode:node_modules/jsdom 1759230593220
1508 verbose unfinished npm timer reifyNode:node_modules/js-yaml 1759230593220
1509 verbose unfinished npm timer reifyNode:node_modules/js-tokens 1759230593220
1510 verbose unfinished npm timer reifyNode:node_modules/jose 1759230593220
1511 verbose unfinished npm timer reifyNode:node_modules/jiti 1759230593220
1512 verbose unfinished npm timer reifyNode:node_modules/jest-worker 1759230593220
1513 verbose unfinished npm timer reifyNode:node_modules/jest-watcher 1759230593220
1514 verbose unfinished npm timer reifyNode:node_modules/jest-validate 1759230593220
1515 verbose unfinished npm timer reifyNode:node_modules/jest-validate/node_modules/react-is 1759230593220
1516 verbose unfinished npm timer reifyNode:node_modules/jest-validate/node_modules/pretty-format 1759230593220
1517 verbose unfinished npm timer reifyNode:node_modules/jest-validate/node_modules/camelcase 1759230593220
1518 verbose unfinished npm timer reifyNode:node_modules/jest-validate/node_modules/ansi-styles 1759230593220
1519 verbose unfinished npm timer reifyNode:node_modules/jest-util 1759230593220
1520 verbose unfinished npm timer reifyNode:node_modules/jest-util/node_modules/picomatch 1759230593220
1521 verbose unfinished npm timer reifyNode:node_modules/jest-snapshot 1759230593220
1522 verbose unfinished npm timer reifyNode:node_modules/jest-snapshot/node_modules/react-is 1759230593220
1523 verbose unfinished npm timer reifyNode:node_modules/jest-snapshot/node_modules/pretty-format 1759230593221
1524 verbose unfinished npm timer reifyNode:node_modules/jest-snapshot/node_modules/ansi-styles 1759230593221
1525 verbose unfinished npm timer reifyNode:node_modules/jest-runtime 1759230593221
1526 verbose unfinished npm timer reifyNode:node_modules/jest-runtime/node_modules/strip-bom 1759230593221
1527 verbose unfinished npm timer reifyNode:node_modules/jest-runtime/node_modules/minimatch 1759230593221
1528 verbose unfinished npm timer reifyNode:node_modules/jest-runtime/node_modules/glob 1759230593221
1529 verbose unfinished npm timer reifyNode:node_modules/jest-runner 1759230593221
1530 verbose unfinished npm timer reifyNode:node_modules/jest-resolve-dependencies 1759230593221
1531 verbose unfinished npm timer reifyNode:node_modules/jest-resolve 1759230593221
1532 verbose unfinished npm timer reifyNode:node_modules/jest-regex-util 1759230593221
1533 verbose unfinished npm timer reifyNode:node_modules/jest-pnp-resolver 1759230593221
1534 verbose unfinished npm timer reifyNode:node_modules/jest-message-util 1759230593221
1535 verbose unfinished npm timer reifyNode:node_modules/jest-message-util/node_modules/react-is 1759230593221
1536 verbose unfinished npm timer reifyNode:node_modules/jest-message-util/node_modules/pretty-format 1759230593221
1537 verbose unfinished npm timer reifyNode:node_modules/jest-message-util/node_modules/ansi-styles 1759230593221
1538 verbose unfinished npm timer reifyNode:node_modules/jest-matcher-utils 1759230593221
1539 verbose unfinished npm timer reifyNode:node_modules/jest-matcher-utils/node_modules/react-is 1759230593221
1540 verbose unfinished npm timer reifyNode:node_modules/jest-matcher-utils/node_modules/pretty-format 1759230593221
1541 verbose unfinished npm timer reifyNode:node_modules/jest-matcher-utils/node_modules/ansi-styles 1759230593221
1542 verbose unfinished npm timer reifyNode:node_modules/jest-leak-detector 1759230593221
1543 verbose unfinished npm timer reifyNode:node_modules/jest-leak-detector/node_modules/react-is 1759230593221
1544 verbose unfinished npm timer reifyNode:node_modules/jest-leak-detector/node_modules/pretty-format 1759230593221
1545 verbose unfinished npm timer reifyNode:node_modules/jest-leak-detector/node_modules/ansi-styles 1759230593221
1546 verbose unfinished npm timer reifyNode:node_modules/jest-haste-map 1759230593221
1547 verbose unfinished npm timer reifyNode:node_modules/jest-environment-node 1759230593221
1548 verbose unfinished npm timer reifyNode:node_modules/jest-environment-jsdom 1759230593221
1549 verbose unfinished npm timer reifyNode:node_modules/jest-each 1759230593221
1550 verbose unfinished npm timer reifyNode:node_modules/jest-each/node_modules/react-is 1759230593221
1551 verbose unfinished npm timer reifyNode:node_modules/jest-each/node_modules/pretty-format 1759230593222
1552 verbose unfinished npm timer reifyNode:node_modules/jest-each/node_modules/ansi-styles 1759230593222
1553 verbose unfinished npm timer reifyNode:node_modules/jest-docblock 1759230593222
1554 verbose unfinished npm timer reifyNode:node_modules/jest-diff 1759230593222
1555 verbose unfinished npm timer reifyNode:node_modules/jest-diff/node_modules/react-is 1759230593222
1556 verbose unfinished npm timer reifyNode:node_modules/jest-diff/node_modules/pretty-format 1759230593222
1557 verbose unfinished npm timer reifyNode:node_modules/jest-diff/node_modules/ansi-styles 1759230593222
1558 verbose unfinished npm timer reifyNode:node_modules/jest-cli 1759230593222
1559 verbose unfinished npm timer reifyNode:node_modules/jest-cli/node_modules/react-is 1759230593222
1560 verbose unfinished npm timer reifyNode:node_modules/jest-cli/node_modules/pretty-format 1759230593222
1561 verbose unfinished npm timer reifyNode:node_modules/jest-cli/node_modules/minimatch 1759230593222
1562 verbose unfinished npm timer reifyNode:node_modules/jest-cli/node_modules/jest-config 1759230593222
1563 verbose unfinished npm timer reifyNode:node_modules/jest-cli/node_modules/glob 1759230593222
1564 verbose unfinished npm timer reifyNode:node_modules/jest-cli/node_modules/ansi-styles 1759230593222
1565 verbose unfinished npm timer reifyNode:node_modules/jest-circus 1759230593222
1566 verbose unfinished npm timer reifyNode:node_modules/jest-circus/node_modules/react-is 1759230593222
1567 verbose unfinished npm timer reifyNode:node_modules/jest-circus/node_modules/pretty-format 1759230593222
1568 verbose unfinished npm timer reifyNode:node_modules/jest-circus/node_modules/ansi-styles 1759230593222
1569 verbose unfinished npm timer reifyNode:node_modules/jest-changed-files 1759230593222
1570 verbose unfinished npm timer reifyNode:node_modules/jest 1759230593222
1571 verbose unfinished npm timer reifyNode:node_modules/jackspeak 1759230593222
1572 verbose unfinished npm timer reifyNode:node_modules/iterator.prototype 1759230593222
1573 verbose unfinished npm timer reifyNode:node_modules/istanbul-reports 1759230593223
1574 verbose unfinished npm timer reifyNode:node_modules/istanbul-lib-source-maps 1759230593223
1575 verbose unfinished npm timer reifyNode:node_modules/istanbul-lib-report 1759230593223
1576 verbose unfinished npm timer reifyNode:node_modules/istanbul-lib-instrument 1759230593223
1577 verbose unfinished npm timer reifyNode:node_modules/istanbul-lib-coverage 1759230593223
1578 verbose unfinished npm timer reifyNode:node_modules/isexe 1759230593223
1579 verbose unfinished npm timer reifyNode:node_modules/isarray 1759230593223
1580 verbose unfinished npm timer reifyNode:node_modules/is-weakset 1759230593223
1581 verbose unfinished npm timer reifyNode:node_modules/is-weakref 1759230593223
1582 verbose unfinished npm timer reifyNode:node_modules/is-weakmap 1759230593223
1583 verbose unfinished npm timer reifyNode:node_modules/is-typed-array 1759230593223
1584 verbose unfinished npm timer reifyNode:node_modules/is-symbol 1759230593223
1585 verbose unfinished npm timer reifyNode:node_modules/is-string 1759230593223
1586 verbose unfinished npm timer reifyNode:node_modules/is-stream 1759230593223
1587 verbose unfinished npm timer reifyNode:node_modules/is-shared-array-buffer 1759230593223
1588 verbose unfinished npm timer reifyNode:node_modules/is-set 1759230593223
1589 verbose unfinished npm timer reifyNode:node_modules/is-regex 1759230593223
1590 verbose unfinished npm timer reifyNode:node_modules/is-potential-custom-element-name 1759230593223
1591 verbose unfinished npm timer reifyNode:node_modules/is-path-inside 1759230593223
1592 verbose unfinished npm timer reifyNode:node_modules/is-number-object 1759230593223
1593 verbose unfinished npm timer reifyNode:node_modules/is-number 1759230593224
1594 verbose unfinished npm timer reifyNode:node_modules/is-negative-zero 1759230593224
1595 verbose unfinished npm timer reifyNode:node_modules/is-map 1759230593224
1596 verbose unfinished npm timer reifyNode:node_modules/is-glob 1759230593224
1597 verbose unfinished npm timer reifyNode:node_modules/is-generator-function 1759230593224
1598 verbose unfinished npm timer reifyNode:node_modules/is-generator-fn 1759230593224
1599 verbose unfinished npm timer reifyNode:node_modules/is-fullwidth-code-point 1759230593224
1600 verbose unfinished npm timer reifyNode:node_modules/is-finalizationregistry 1759230593224
1601 verbose unfinished npm timer reifyNode:node_modules/is-extglob 1759230593224
1602 verbose unfinished npm timer reifyNode:node_modules/is-date-object 1759230593224
1603 verbose unfinished npm timer reifyNode:node_modules/is-data-view 1759230593224
1604 verbose unfinished npm timer reifyNode:node_modules/is-core-module 1759230593224
1605 verbose unfinished npm timer reifyNode:node_modules/is-callable 1759230593224
1606 verbose unfinished npm timer reifyNode:node_modules/is-bun-module 1759230593224
1607 verbose unfinished npm timer reifyNode:node_modules/is-boolean-object 1759230593224
1608 verbose unfinished npm timer reifyNode:node_modules/is-binary-path 1759230593224
1609 verbose unfinished npm timer reifyNode:node_modules/is-bigint 1759230593224
1610 verbose unfinished npm timer reifyNode:node_modules/is-async-function 1759230593225
1611 verbose unfinished npm timer reifyNode:node_modules/is-arrayish 1759230593225
1612 verbose unfinished npm timer reifyNode:node_modules/is-array-buffer 1759230593225
1613 verbose unfinished npm timer reifyNode:node_modules/internmap 1759230593225
1614 verbose unfinished npm timer reifyNode:node_modules/internal-slot 1759230593225
1615 verbose unfinished npm timer reifyNode:node_modules/inherits 1759230593225
1616 verbose unfinished npm timer reifyNode:node_modules/inflight 1759230593225
1617 verbose unfinished npm timer reifyNode:node_modules/indent-string 1759230593225
1618 verbose unfinished npm timer reifyNode:node_modules/imurmurhash 1759230593225
1619 verbose unfinished npm timer reifyNode:node_modules/import-local 1759230593225
1620 verbose unfinished npm timer reifyNode:node_modules/import-fresh 1759230593225
1621 verbose unfinished npm timer reifyNode:node_modules/immer 1759230593225
1622 verbose unfinished npm timer reifyNode:node_modules/ignore 1759230593225
1623 verbose unfinished npm timer reifyNode:node_modules/iconv-lite 1759230593225
1624 verbose unfinished npm timer reifyNode:node_modules/human-signals 1759230593225
1625 verbose unfinished npm timer reifyNode:node_modules/https-proxy-agent 1759230593225
1626 verbose unfinished npm timer reifyNode:node_modules/http-proxy-agent 1759230593225
1627 verbose unfinished npm timer reifyNode:node_modules/html-escaper 1759230593225
1628 verbose unfinished npm timer reifyNode:node_modules/html-encoding-sniffer 1759230593225
1629 verbose unfinished npm timer reifyNode:node_modules/hasown 1759230593225
1630 verbose unfinished npm timer reifyNode:node_modules/has-tostringtag 1759230593225
1631 verbose unfinished npm timer reifyNode:node_modules/has-symbols 1759230593226
1632 verbose unfinished npm timer reifyNode:node_modules/has-proto 1759230593226
1633 verbose unfinished npm timer reifyNode:node_modules/has-property-descriptors 1759230593226
1634 verbose unfinished npm timer reifyNode:node_modules/has-flag 1759230593226
1635 verbose unfinished npm timer reifyNode:node_modules/has-bigints 1759230593226
1636 verbose unfinished npm timer reifyNode:node_modules/handlebars 1759230593226
1637 verbose unfinished npm timer reifyNode:node_modules/graphemer 1759230593226
1638 verbose unfinished npm timer reifyNode:node_modules/graceful-fs 1759230593226
1639 verbose unfinished npm timer reifyNode:node_modules/gopd 1759230593226
1640 verbose unfinished npm timer reifyNode:node_modules/goober 1759230593226
1641 verbose unfinished npm timer reifyNode:node_modules/globby 1759230593226
1642 verbose unfinished npm timer reifyNode:node_modules/globalthis 1759230593226
1643 verbose unfinished npm timer reifyNode:node_modules/globals 1759230593226
1644 verbose unfinished npm timer reifyNode:node_modules/glob-to-regexp 1759230593226
1645 verbose unfinished npm timer reifyNode:node_modules/glob-parent 1759230593226
1646 verbose unfinished npm timer reifyNode:node_modules/glob 1759230593227
1647 verbose unfinished npm timer reifyNode:node_modules/glob/node_modules/minimatch 1759230593227
1648 verbose unfinished npm timer reifyNode:node_modules/glob/node_modules/brace-expansion 1759230593227
1649 verbose unfinished npm timer reifyNode:node_modules/get-tsconfig 1759230593227
1650 verbose unfinished npm timer reifyNode:node_modules/get-symbol-description 1759230593227
1651 verbose unfinished npm timer reifyNode:node_modules/get-stream 1759230593227
1652 verbose unfinished npm timer reifyNode:node_modules/get-proto 1759230593227
1653 verbose unfinished npm timer reifyNode:node_modules/get-package-type 1759230593227
1654 verbose unfinished npm timer reifyNode:node_modules/get-nonce 1759230593227
1655 verbose unfinished npm timer reifyNode:node_modules/get-intrinsic 1759230593227
1656 verbose unfinished npm timer reifyNode:node_modules/get-caller-file 1759230593227
1657 verbose unfinished npm timer reifyNode:node_modules/gensync 1759230593227
1658 verbose unfinished npm timer reifyNode:node_modules/functions-have-names 1759230593227
1659 verbose unfinished npm timer reifyNode:node_modules/function.prototype.name 1759230593227
1660 verbose unfinished npm timer reifyNode:node_modules/function-bind 1759230593227
1661 verbose unfinished npm timer reifyNode:node_modules/fs.realpath 1759230593227
1662 verbose unfinished npm timer reifyNode:node_modules/framer-motion 1759230593227
1663 verbose unfinished npm timer reifyNode:node_modules/form-data 1759230593227
1664 verbose unfinished npm timer reifyNode:node_modules/foreground-child 1759230593227
1665 verbose unfinished npm timer reifyNode:node_modules/for-each 1759230593227
1666 verbose unfinished npm timer reifyNode:node_modules/follow-redirects 1759230593227
1667 verbose unfinished npm timer reifyNode:node_modules/flatted 1759230593227
1668 verbose unfinished npm timer reifyNode:node_modules/flat-cache 1759230593228
1669 verbose unfinished npm timer reifyNode:node_modules/find-up 1759230593228
1670 verbose unfinished npm timer reifyNode:node_modules/fill-range 1759230593228
1671 verbose unfinished npm timer reifyNode:node_modules/file-entry-cache 1759230593228
1672 verbose unfinished npm timer reifyNode:node_modules/fb-watchman 1759230593228
1673 verbose unfinished npm timer reifyNode:node_modules/fastq 1759230593228
1674 verbose unfinished npm timer reifyNode:node_modules/fast-levenshtein 1759230593228
1675 verbose unfinished npm timer reifyNode:node_modules/fast-json-stable-stringify 1759230593228
1676 verbose unfinished npm timer reifyNode:node_modules/fast-glob 1759230593228
1677 verbose unfinished npm timer reifyNode:node_modules/fast-glob/node_modules/glob-parent 1759230593228
1678 verbose unfinished npm timer reifyNode:node_modules/fast-deep-equal 1759230593228
1679 verbose unfinished npm timer reifyNode:node_modules/expect 1759230593228
1680 verbose unfinished npm timer reifyNode:node_modules/exit-x 1759230593228
1681 verbose unfinished npm timer reifyNode:node_modules/execa 1759230593228
1682 verbose unfinished npm timer reifyNode:node_modules/execa/node_modules/signal-exit 1759230593228
1683 verbose unfinished npm timer reifyNode:node_modules/eventemitter3 1759230593228
1684 verbose unfinished npm timer reifyNode:node_modules/esutils 1759230593228
1685 verbose unfinished npm timer reifyNode:node_modules/estraverse 1759230593228
1686 verbose unfinished npm timer reifyNode:node_modules/esrecurse 1759230593228
1687 verbose unfinished npm timer reifyNode:node_modules/esquery 1759230593228
1688 verbose unfinished npm timer reifyNode:node_modules/esprima 1759230593228
1689 verbose unfinished npm timer reifyNode:node_modules/espree 1759230593228
1690 verbose unfinished npm timer reifyNode:node_modules/eslint-visitor-keys 1759230593228
1691 verbose unfinished npm timer reifyNode:node_modules/eslint-scope 1759230593228
1692 verbose unfinished npm timer reifyNode:node_modules/eslint-plugin-react-hooks 1759230593228
1693 verbose unfinished npm timer reifyNode:node_modules/eslint-plugin-react 1759230593228
1694 verbose unfinished npm timer reifyNode:node_modules/eslint-plugin-react/node_modules/semver 1759230593229
1695 verbose unfinished npm timer reifyNode:node_modules/eslint-plugin-react/node_modules/resolve 1759230593229
1696 verbose unfinished npm timer reifyNode:node_modules/eslint-plugin-react/node_modules/minimatch 1759230593229
1697 verbose unfinished npm timer reifyNode:node_modules/eslint-plugin-react/node_modules/doctrine 1759230593229
1698 verbose unfinished npm timer reifyNode:node_modules/eslint-plugin-react/node_modules/brace-expansion 1759230593229
1699 verbose unfinished npm timer reifyNode:node_modules/eslint-plugin-jsx-a11y 1759230593229
1700 verbose unfinished npm timer reifyNode:node_modules/eslint-plugin-jsx-a11y/node_modules/minimatch 1759230593229
1701 verbose unfinished npm timer reifyNode:node_modules/eslint-plugin-jsx-a11y/node_modules/brace-expansion 1759230593229
1702 verbose unfinished npm timer reifyNode:node_modules/eslint-plugin-import 1759230593229
1703 verbose unfinished npm timer reifyNode:node_modules/eslint-plugin-import/node_modules/semver 1759230593229
1704 verbose unfinished npm timer reifyNode:node_modules/eslint-plugin-import/node_modules/minimatch 1759230593229
1705 verbose unfinished npm timer reifyNode:node_modules/eslint-plugin-import/node_modules/doctrine 1759230593229
1706 verbose unfinished npm timer reifyNode:node_modules/eslint-plugin-import/node_modules/debug 1759230593229
1707 verbose unfinished npm timer reifyNode:node_modules/eslint-plugin-import/node_modules/brace-expansion 1759230593229
1708 verbose unfinished npm timer reifyNode:node_modules/eslint-module-utils 1759230593229
1709 verbose unfinished npm timer reifyNode:node_modules/eslint-module-utils/node_modules/debug 1759230593229
1710 verbose unfinished npm timer reifyNode:node_modules/eslint-import-resolver-node 1759230593229
1711 verbose unfinished npm timer reifyNode:node_modules/eslint-import-resolver-node/node_modules/debug 1759230593229
1712 verbose unfinished npm timer reifyNode:node_modules/eslint-config-next 1759230593229
1713 verbose unfinished npm timer reifyNode:node_modules/eslint-config-next/node_modules/eslint-import-resolver-typescript 1759230593229
1714 verbose unfinished npm timer reifyNode:node_modules/eslint 1759230593229
1715 verbose unfinished npm timer reifyNode:node_modules/eslint/node_modules/minimatch 1759230593229
1716 verbose unfinished npm timer reifyNode:node_modules/eslint/node_modules/brace-expansion 1759230593229
1717 verbose unfinished npm timer reifyNode:node_modules/escape-string-regexp 1759230593229
1718 verbose unfinished npm timer reifyNode:node_modules/escalade 1759230593229
1719 verbose unfinished npm timer reifyNode:node_modules/es-to-primitive 1759230593229
1720 verbose unfinished npm timer reifyNode:node_modules/es-shim-unscopables 1759230593229
1721 verbose unfinished npm timer reifyNode:node_modules/es-set-tostringtag 1759230593229
1722 verbose unfinished npm timer reifyNode:node_modules/es-object-atoms 1759230593229
1723 verbose unfinished npm timer reifyNode:node_modules/es-iterator-helpers 1759230593229
1724 verbose unfinished npm timer reifyNode:node_modules/es-errors 1759230593230
1725 verbose unfinished npm timer reifyNode:node_modules/es-define-property 1759230593230
1726 verbose unfinished npm timer reifyNode:node_modules/es-abstract 1759230593230
1727 verbose unfinished npm timer reifyNode:node_modules/error-ex 1759230593230
1728 verbose unfinished npm timer reifyNode:node_modules/entities 1759230593230
1729 verbose unfinished npm timer reifyNode:node_modules/emoji-regex 1759230593230
1730 verbose unfinished npm timer reifyNode:node_modules/emittery 1759230593230
1731 verbose unfinished npm timer reifyNode:node_modules/electron-to-chromium 1759230593230
1732 verbose unfinished npm timer reifyNode:node_modules/eastasianwidth 1759230593230
1733 verbose unfinished npm timer reifyNode:node_modules/dunder-proto 1759230593230
1734 verbose unfinished npm timer reifyNode:node_modules/dom-accessibility-api 1759230593230
1735 verbose unfinished npm timer reifyNode:node_modules/doctrine 1759230593230
1736 verbose unfinished npm timer reifyNode:node_modules/dlv 1759230593230
1737 verbose unfinished npm timer reifyNode:node_modules/dir-glob 1759230593230
1738 verbose unfinished npm timer reifyNode:node_modules/didyoumean 1759230593231
1739 verbose unfinished npm timer reifyNode:node_modules/detect-node-es 1759230593231
1740 verbose unfinished npm timer reifyNode:node_modules/detect-newline 1759230593231
1741 verbose unfinished npm timer reifyNode:node_modules/dequal 1759230593231
1742 verbose unfinished npm timer reifyNode:node_modules/delayed-stream 1759230593231
1743 verbose unfinished npm timer reifyNode:node_modules/define-properties 1759230593231
1744 verbose unfinished npm timer reifyNode:node_modules/define-data-property 1759230593231
1745 verbose unfinished npm timer reifyNode:node_modules/deepmerge 1759230593231
1746 verbose unfinished npm timer reifyNode:node_modules/deep-is 1759230593231
1747 verbose unfinished npm timer reifyNode:node_modules/dedent 1759230593231
1748 verbose unfinished npm timer reifyNode:node_modules/decimal.js-light 1759230593231
1749 verbose unfinished npm timer reifyNode:node_modules/decimal.js 1759230593231
1750 verbose unfinished npm timer reifyNode:node_modules/debug 1759230593231
1751 verbose unfinished npm timer reifyNode:node_modules/data-view-byte-offset 1759230593231
1752 verbose unfinished npm timer reifyNode:node_modules/data-view-byte-length 1759230593231
1753 verbose unfinished npm timer reifyNode:node_modules/data-view-buffer 1759230593231
1754 verbose unfinished npm timer reifyNode:node_modules/data-urls 1759230593231
1755 verbose unfinished npm timer reifyNode:node_modules/damerau-levenshtein 1759230593231
1756 verbose unfinished npm timer reifyNode:node_modules/d3-timer 1759230593231
1757 verbose unfinished npm timer reifyNode:node_modules/d3-time-format 1759230593231
1758 verbose unfinished npm timer reifyNode:node_modules/d3-time 1759230593231
1759 verbose unfinished npm timer reifyNode:node_modules/d3-shape 1759230593231
1760 verbose unfinished npm timer reifyNode:node_modules/d3-scale 1759230593231
1761 verbose unfinished npm timer reifyNode:node_modules/d3-path 1759230593231
1762 verbose unfinished npm timer reifyNode:node_modules/d3-interpolate 1759230593231
1763 verbose unfinished npm timer reifyNode:node_modules/d3-format 1759230593231
1764 verbose unfinished npm timer reifyNode:node_modules/d3-ease 1759230593231
1765 verbose unfinished npm timer reifyNode:node_modules/d3-color 1759230593231
1766 verbose unfinished npm timer reifyNode:node_modules/d3-array 1759230593231
1767 verbose unfinished npm timer reifyNode:node_modules/csstype 1759230593232
1768 verbose unfinished npm timer reifyNode:node_modules/cssstyle 1759230593232
1769 verbose unfinished npm timer reifyNode:node_modules/cssesc 1759230593232
1770 verbose unfinished npm timer reifyNode:node_modules/css.escape 1759230593232
1771 verbose unfinished npm timer reifyNode:node_modules/cross-spawn 1759230593232
1772 verbose unfinished npm timer reifyNode:node_modules/cookie 1759230593232
1773 verbose unfinished npm timer reifyNode:node_modules/convert-source-map 1759230593232
1774 verbose unfinished npm timer reifyNode:node_modules/concat-map 1759230593232
1775 verbose unfinished npm timer reifyNode:node_modules/commander 1759230593232
1776 verbose unfinished npm timer reifyNode:node_modules/combined-stream 1759230593232
1777 verbose unfinished npm timer reifyNode:node_modules/color-name 1759230593232
1778 verbose unfinished npm timer reifyNode:node_modules/color-convert 1759230593232
1779 verbose unfinished npm timer reifyNode:node_modules/collect-v8-coverage 1759230593232
1780 verbose unfinished npm timer reifyNode:node_modules/co 1759230593232
1781 verbose unfinished npm timer reifyNode:node_modules/clsx 1759230593232
1782 verbose unfinished npm timer reifyNode:node_modules/cliui 1759230593232
1783 verbose unfinished npm timer reifyNode:node_modules/cliui/node_modules/wrap-ansi 1759230593232
1784 verbose unfinished npm timer reifyNode:node_modules/cliui/node_modules/string-width 1759230593232
1785 verbose unfinished npm timer reifyNode:node_modules/cliui/node_modules/emoji-regex 1759230593232
1786 verbose unfinished npm timer reifyNode:node_modules/client-only 1759230593232
1787 verbose unfinished npm timer reifyNode:node_modules/class-variance-authority 1759230593232
1788 verbose unfinished npm timer reifyNode:node_modules/cjs-module-lexer 1759230593232
1789 verbose unfinished npm timer reifyNode:node_modules/ci-info 1759230593232
1790 verbose unfinished npm timer reifyNode:node_modules/chokidar 1759230593232
1791 verbose unfinished npm timer reifyNode:node_modules/chokidar/node_modules/glob-parent 1759230593232
1792 verbose unfinished npm timer reifyNode:node_modules/char-regex 1759230593233
1793 verbose unfinished npm timer reifyNode:node_modules/chalk 1759230593233
1794 verbose unfinished npm timer reifyNode:node_modules/caniuse-lite 1759230593233
1795 verbose unfinished npm timer reifyNode:node_modules/camelcase-css 1759230593233
1796 verbose unfinished npm timer reifyNode:node_modules/camelcase 1759230593233
1797 verbose unfinished npm timer reifyNode:node_modules/callsites 1759230593233
1798 verbose unfinished npm timer reifyNode:node_modules/call-bound 1759230593233
1799 verbose unfinished npm timer reifyNode:node_modules/call-bind-apply-helpers 1759230593233
1800 verbose unfinished npm timer reifyNode:node_modules/call-bind 1759230593233
1801 verbose unfinished npm timer reifyNode:node_modules/busboy 1759230593233
1802 verbose unfinished npm timer reifyNode:node_modules/buffer-from 1759230593233
1803 verbose unfinished npm timer reifyNode:node_modules/bser 1759230593233
1804 verbose unfinished npm timer reifyNode:node_modules/bs-logger 1759230593233
1805 verbose unfinished npm timer reifyNode:node_modules/browserslist 1759230593233
1806 verbose unfinished npm timer reifyNode:node_modules/braces 1759230593233
1807 verbose unfinished npm timer reifyNode:node_modules/brace-expansion 1759230593233
1808 verbose unfinished npm timer reifyNode:node_modules/binary-extensions 1759230593233
1809 verbose unfinished npm timer reifyNode:node_modules/baseline-browser-mapping 1759230593233
1810 verbose unfinished npm timer reifyNode:node_modules/balanced-match 1759230593233
1811 verbose unfinished npm timer reifyNode:node_modules/babel-preset-jest 1759230593233
1812 verbose unfinished npm timer reifyNode:node_modules/babel-preset-current-node-syntax 1759230593233
1813 verbose unfinished npm timer reifyNode:node_modules/babel-plugin-jest-hoist 1759230593233
1814 verbose unfinished npm timer reifyNode:node_modules/babel-plugin-istanbul 1759230593233
1815 verbose unfinished npm timer reifyNode:node_modules/babel-jest 1759230593234
1816 verbose unfinished npm timer reifyNode:node_modules/axobject-query 1759230593234
1817 verbose unfinished npm timer reifyNode:node_modules/axios 1759230593234
1818 verbose unfinished npm timer reifyNode:node_modules/axe-core 1759230593234
1819 verbose unfinished npm timer reifyNode:node_modules/available-typed-arrays 1759230593234
1820 verbose unfinished npm timer reifyNode:node_modules/autoprefixer 1759230593234
1821 verbose unfinished npm timer reifyNode:node_modules/asynckit 1759230593234
1822 verbose unfinished npm timer reifyNode:node_modules/async-function 1759230593234
1823 verbose unfinished npm timer reifyNode:node_modules/ast-types-flow 1759230593234
1824 verbose unfinished npm timer reifyNode:node_modules/arraybuffer.prototype.slice 1759230593234
1825 verbose unfinished npm timer reifyNode:node_modules/array.prototype.tosorted 1759230593234
1826 verbose unfinished npm timer reifyNode:node_modules/array.prototype.flatmap 1759230593234
1827 verbose unfinished npm timer reifyNode:node_modules/array.prototype.findlastindex 1759230593234
1828 verbose unfinished npm timer reifyNode:node_modules/array.prototype.findlast 1759230593234
1829 verbose unfinished npm timer reifyNode:node_modules/array-union 1759230593234
1830 verbose unfinished npm timer reifyNode:node_modules/array-includes 1759230593234
1831 verbose unfinished npm timer reifyNode:node_modules/array-buffer-byte-length 1759230593234
1832 verbose unfinished npm timer reifyNode:node_modules/aria-query 1759230593234
1833 verbose unfinished npm timer reifyNode:node_modules/aria-hidden 1759230593234
1834 verbose unfinished npm timer reifyNode:node_modules/argparse 1759230593234
1835 verbose unfinished npm timer reifyNode:node_modules/arg 1759230593234
1836 verbose unfinished npm timer reifyNode:node_modules/anymatch 1759230593234
1837 verbose unfinished npm timer reifyNode:node_modules/any-promise 1759230593234
1838 verbose unfinished npm timer reifyNode:node_modules/ansi-styles 1759230593234
1839 verbose unfinished npm timer reifyNode:node_modules/ansi-regex 1759230593234
1840 verbose unfinished npm timer reifyNode:node_modules/ansi-escapes 1759230593234
1841 verbose unfinished npm timer reifyNode:node_modules/ansi-escapes/node_modules/type-fest 1759230593234
1842 verbose unfinished npm timer reifyNode:node_modules/ajv 1759230593234
1843 verbose unfinished npm timer reifyNode:node_modules/agent-base 1759230593234
1844 verbose unfinished npm timer reifyNode:node_modules/acorn-jsx 1759230593235
1845 verbose unfinished npm timer reifyNode:node_modules/acorn 1759230593235
1846 verbose unfinished npm timer reifyNode:node_modules/@unrs/resolver-binding-linux-x64-musl 1759230593235
1847 verbose unfinished npm timer reifyNode:node_modules/@unrs/resolver-binding-linux-x64-gnu 1759230593235
1848 verbose unfinished npm timer reifyNode:node_modules/@typescript-eslint/utils 1759230593236
1849 verbose unfinished npm timer reifyNode:node_modules/@typescript-eslint/typescript-estree 1759230593236
1850 verbose unfinished npm timer reifyNode:node_modules/@typescript-eslint/types 1759230593236
1851 verbose unfinished npm timer reifyNode:node_modules/@typescript-eslint/type-utils 1759230593236
1852 verbose unfinished npm timer reifyNode:node_modules/@typescript-eslint/scope-manager 1759230593236
1853 verbose unfinished npm timer reifyNode:node_modules/@typescript-eslint/parser 1759230593236
1854 verbose unfinished npm timer reifyNode:node_modules/@typescript-eslint/eslint-plugin 1759230593236
1855 verbose unfinished npm timer reifyNode:node_modules/@types/yargs-parser 1759230593236
1856 verbose unfinished npm timer reifyNode:node_modules/@types/yargs 1759230593236
1857 verbose unfinished npm timer reifyNode:node_modules/@types/use-sync-external-store 1759230593236
1858 verbose unfinished npm timer reifyNode:node_modules/@types/tough-cookie 1759230593237
1859 verbose unfinished npm timer reifyNode:node_modules/@types/stack-utils 1759230593237
1860 verbose unfinished npm timer reifyNode:node_modules/@types/semver 1759230593237
1861 verbose unfinished npm timer reifyNode:node_modules/@types/react-dom 1759230593237
1862 verbose unfinished npm timer reifyNode:node_modules/@types/react 1759230593237
1863 verbose unfinished npm timer reifyNode:node_modules/@types/prop-types 1759230593237
1864 verbose unfinished npm timer reifyNode:node_modules/@types/node 1759230593237
1865 verbose unfinished npm timer reifyNode:node_modules/@types/json5 1759230593237
1866 verbose unfinished npm timer reifyNode:node_modules/@types/json-schema 1759230593237
1867 verbose unfinished npm timer reifyNode:node_modules/@types/jsdom 1759230593237
1868 verbose unfinished npm timer reifyNode:node_modules/@types/istanbul-reports 1759230593237
1869 verbose unfinished npm timer reifyNode:node_modules/@types/istanbul-lib-report 1759230593237
1870 verbose unfinished npm timer reifyNode:node_modules/@types/istanbul-lib-coverage 1759230593237
1871 verbose unfinished npm timer reifyNode:node_modules/@types/d3-timer 1759230593237
1872 verbose unfinished npm timer reifyNode:node_modules/@types/d3-time 1759230593237
1873 verbose unfinished npm timer reifyNode:node_modules/@types/d3-shape 1759230593237
1874 verbose unfinished npm timer reifyNode:node_modules/@types/d3-scale 1759230593237
1875 verbose unfinished npm timer reifyNode:node_modules/@types/d3-path 1759230593237
1876 verbose unfinished npm timer reifyNode:node_modules/@types/d3-interpolate 1759230593237
1877 verbose unfinished npm timer reifyNode:node_modules/@types/d3-ease 1759230593237
1878 verbose unfinished npm timer reifyNode:node_modules/@types/d3-color 1759230593237
1879 verbose unfinished npm timer reifyNode:node_modules/@types/d3-array 1759230593237
1880 verbose unfinished npm timer reifyNode:node_modules/@types/babel__traverse 1759230593237
1881 verbose unfinished npm timer reifyNode:node_modules/@types/babel__template 1759230593237
1882 verbose unfinished npm timer reifyNode:node_modules/@types/babel__generator 1759230593237
1883 verbose unfinished npm timer reifyNode:node_modules/@types/babel__core 1759230593237
1884 verbose unfinished npm timer reifyNode:node_modules/@types/aria-query 1759230593237
1885 verbose unfinished npm timer reifyNode:node_modules/@tybys/wasm-util 1759230593237
1886 verbose unfinished npm timer reifyNode:node_modules/@testing-library/user-event 1759230593237
1887 verbose unfinished npm timer reifyNode:node_modules/@testing-library/react 1759230593237
1888 verbose unfinished npm timer reifyNode:node_modules/@testing-library/jest-dom 1759230593237
1889 verbose unfinished npm timer reifyNode:node_modules/@testing-library/jest-dom/node_modules/dom-accessibility-api 1759230593237
1890 verbose unfinished npm timer reifyNode:node_modules/@testing-library/dom 1759230593237
1891 verbose unfinished npm timer reifyNode:node_modules/@testing-library/dom/node_modules/react-is 1759230593238
1892 verbose unfinished npm timer reifyNode:node_modules/@testing-library/dom/node_modules/pretty-format 1759230593238
1893 verbose unfinished npm timer reifyNode:node_modules/@testing-library/dom/node_modules/aria-query 1759230593238
1894 verbose unfinished npm timer reifyNode:node_modules/@testing-library/dom/node_modules/ansi-styles 1759230593238
1895 verbose unfinished npm timer reifyNode:node_modules/@tanstack/react-query 1759230593238
1896 verbose unfinished npm timer reifyNode:node_modules/@tanstack/query-core 1759230593238
1897 verbose unfinished npm timer reifyNode:node_modules/@swc/helpers 1759230593238
1898 verbose unfinished npm timer reifyNode:node_modules/@standard-schema/utils 1759230593238
1899 verbose unfinished npm timer reifyNode:node_modules/@standard-schema/spec 1759230593238
1900 verbose unfinished npm timer reifyNode:node_modules/@sinonjs/fake-timers 1759230593238
1901 verbose unfinished npm timer reifyNode:node_modules/@sinonjs/commons 1759230593238
1902 verbose unfinished npm timer reifyNode:node_modules/@sinclair/typebox 1759230593238
1903 verbose unfinished npm timer reifyNode:node_modules/@rushstack/eslint-patch 1759230593238
1904 verbose unfinished npm timer reifyNode:node_modules/@rtsao/scc 1759230593238
1905 verbose unfinished npm timer reifyNode:node_modules/@reduxjs/toolkit 1759230593238
1906 verbose unfinished npm timer reifyNode:node_modules/@radix-ui/rect 1759230593238
1907 verbose unfinished npm timer reifyNode:node_modules/@radix-ui/react-visually-hidden 1759230593238
1908 verbose unfinished npm timer reifyNode:node_modules/@radix-ui/react-use-size 1759230593238
1909 verbose unfinished npm timer reifyNode:node_modules/@radix-ui/react-use-rect 1759230593238
1910 verbose unfinished npm timer reifyNode:node_modules/@radix-ui/react-use-previous 1759230593238
1911 verbose unfinished npm timer reifyNode:node_modules/@radix-ui/react-use-layout-effect 1759230593238
1912 verbose unfinished npm timer reifyNode:node_modules/@radix-ui/react-use-is-hydrated 1759230593238
1913 verbose unfinished npm timer reifyNode:node_modules/@radix-ui/react-use-escape-keydown 1759230593238
1914 verbose unfinished npm timer reifyNode:node_modules/@radix-ui/react-use-effect-event 1759230593238
1915 verbose unfinished npm timer reifyNode:node_modules/@radix-ui/react-use-controllable-state 1759230593238
1916 verbose unfinished npm timer reifyNode:node_modules/@radix-ui/react-use-callback-ref 1759230593238
1917 verbose unfinished npm timer reifyNode:node_modules/@radix-ui/react-switch 1759230593238
1918 verbose unfinished npm timer reifyNode:node_modules/@radix-ui/react-slot 1759230593238
1919 verbose unfinished npm timer reifyNode:node_modules/@radix-ui/react-select 1759230593238
1920 verbose unfinished npm timer reifyNode:node_modules/@radix-ui/react-roving-focus 1759230593238
1921 verbose unfinished npm timer reifyNode:node_modules/@radix-ui/react-progress 1759230593238
1922 verbose unfinished npm timer reifyNode:node_modules/@radix-ui/react-primitive 1759230593238
1923 verbose unfinished npm timer reifyNode:node_modules/@radix-ui/react-presence 1759230593238
1924 verbose unfinished npm timer reifyNode:node_modules/@radix-ui/react-portal 1759230593238
1925 verbose unfinished npm timer reifyNode:node_modules/@radix-ui/react-popper 1759230593239
1926 verbose unfinished npm timer reifyNode:node_modules/@radix-ui/react-menu 1759230593239
1927 verbose unfinished npm timer reifyNode:node_modules/@radix-ui/react-label 1759230593239
1928 verbose unfinished npm timer reifyNode:node_modules/@radix-ui/react-id 1759230593239
1929 verbose unfinished npm timer reifyNode:node_modules/@radix-ui/react-focus-scope 1759230593239
1930 verbose unfinished npm timer reifyNode:node_modules/@radix-ui/react-focus-guards 1759230593239
1931 verbose unfinished npm timer reifyNode:node_modules/@radix-ui/react-dropdown-menu 1759230593239
1932 verbose unfinished npm timer reifyNode:node_modules/@radix-ui/react-dismissable-layer 1759230593239
1933 verbose unfinished npm timer reifyNode:node_modules/@radix-ui/react-direction 1759230593239
1934 verbose unfinished npm timer reifyNode:node_modules/@radix-ui/react-dialog 1759230593239
1935 verbose unfinished npm timer reifyNode:node_modules/@radix-ui/react-context 1759230593239
1936 verbose unfinished npm timer reifyNode:node_modules/@radix-ui/react-compose-refs 1759230593239
1937 verbose unfinished npm timer reifyNode:node_modules/@radix-ui/react-collection 1759230593239
1938 verbose unfinished npm timer reifyNode:node_modules/@radix-ui/react-avatar 1759230593239
1939 verbose unfinished npm timer reifyNode:node_modules/@radix-ui/react-arrow 1759230593239
1940 verbose unfinished npm timer reifyNode:node_modules/@radix-ui/react-alert-dialog 1759230593239
1941 verbose unfinished npm timer reifyNode:node_modules/@radix-ui/primitive 1759230593239
1942 verbose unfinished npm timer reifyNode:node_modules/@radix-ui/number 1759230593239
1943 verbose unfinished npm timer reifyNode:node_modules/@pkgjs/parseargs 1759230593239
1944 verbose unfinished npm timer reifyNode:node_modules/@panva/hkdf 1759230593239
1945 verbose unfinished npm timer reifyNode:node_modules/@nolyfill/is-core-module 1759230593239
1946 verbose unfinished npm timer reifyNode:node_modules/@nodelib/fs.walk 1759230593239
1947 verbose unfinished npm timer reifyNode:node_modules/@nodelib/fs.stat 1759230593239
1948 verbose unfinished npm timer reifyNode:node_modules/@nodelib/fs.scandir 1759230593239
1949 verbose unfinished npm timer reifyNode:node_modules/@next/swc-linux-x64-musl 1759230593239
1950 verbose unfinished npm timer reifyNode:node_modules/@next/swc-linux-x64-gnu 1759230593239
1951 verbose unfinished npm timer reifyNode:node_modules/@next/eslint-plugin-next 1759230593240
1952 verbose unfinished npm timer reifyNode:node_modules/@next/env 1759230593240
1953 verbose unfinished npm timer reifyNode:node_modules/@napi-rs/wasm-runtime 1759230593240
1954 verbose unfinished npm timer reifyNode:node_modules/@napi-rs/canvas-linux-x64-musl 1759230593240
1955 verbose unfinished npm timer reifyNode:node_modules/@napi-rs/canvas-linux-x64-gnu 1759230593240
1956 verbose unfinished npm timer reifyNode:node_modules/@napi-rs/canvas 1759230593240
1957 verbose unfinished npm timer reifyNode:node_modules/@jridgewell/trace-mapping 1759230593240
1958 verbose unfinished npm timer reifyNode:node_modules/@jridgewell/sourcemap-codec 1759230593240
1959 verbose unfinished npm timer reifyNode:node_modules/@jridgewell/resolve-uri 1759230593240
1960 verbose unfinished npm timer reifyNode:node_modules/@jridgewell/remapping 1759230593240
1961 verbose unfinished npm timer reifyNode:node_modules/@jridgewell/gen-mapping 1759230593240
1962 verbose unfinished npm timer reifyNode:node_modules/@jest/types 1759230593241
1963 verbose unfinished npm timer reifyNode:node_modules/@jest/transform 1759230593241
1964 verbose unfinished npm timer reifyNode:node_modules/@jest/test-sequencer 1759230593241
1965 verbose unfinished npm timer reifyNode:node_modules/@jest/test-result 1759230593241
1966 verbose unfinished npm timer reifyNode:node_modules/@jest/source-map 1759230593241
1967 verbose unfinished npm timer reifyNode:node_modules/@jest/snapshot-utils 1759230593241
1968 verbose unfinished npm timer reifyNode:node_modules/@jest/schemas 1759230593241
1969 verbose unfinished npm timer reifyNode:node_modules/@jest/reporters 1759230593241
1970 verbose unfinished npm timer reifyNode:node_modules/@jest/reporters/node_modules/minimatch 1759230593241
1971 verbose unfinished npm timer reifyNode:node_modules/@jest/reporters/node_modules/glob 1759230593241
1972 verbose unfinished npm timer reifyNode:node_modules/@jest/pattern 1759230593241
1973 verbose unfinished npm timer reifyNode:node_modules/@jest/get-type 1759230593241
1974 verbose unfinished npm timer reifyNode:node_modules/@jest/fake-timers 1759230593241
1975 verbose unfinished npm timer reifyNode:node_modules/@jest/expect-utils 1759230593241
1976 verbose unfinished npm timer reifyNode:node_modules/@jest/expect 1759230593241
1977 verbose unfinished npm timer reifyNode:node_modules/@jest/environment-jsdom-abstract 1759230593241
1978 verbose unfinished npm timer reifyNode:node_modules/@jest/environment 1759230593241
1979 verbose unfinished npm timer reifyNode:node_modules/@jest/diff-sequences 1759230593241
1980 verbose unfinished npm timer reifyNode:node_modules/@jest/core 1759230593241
1981 verbose unfinished npm timer reifyNode:node_modules/@jest/core/node_modules/react-is 1759230593241
1982 verbose unfinished npm timer reifyNode:node_modules/@jest/core/node_modules/pretty-format 1759230593241
1983 verbose unfinished npm timer reifyNode:node_modules/@jest/core/node_modules/minimatch 1759230593241
1984 verbose unfinished npm timer reifyNode:node_modules/@jest/core/node_modules/jest-config 1759230593241
1985 verbose unfinished npm timer reifyNode:node_modules/@jest/core/node_modules/glob 1759230593241
1986 verbose unfinished npm timer reifyNode:node_modules/@jest/core/node_modules/ansi-styles 1759230593242
1987 verbose unfinished npm timer reifyNode:node_modules/@jest/console 1759230593242
1988 verbose unfinished npm timer reifyNode:node_modules/@istanbuljs/schema 1759230593242
1989 verbose unfinished npm timer reifyNode:node_modules/@istanbuljs/load-nyc-config 1759230593242
1990 verbose unfinished npm timer reifyNode:node_modules/@istanbuljs/load-nyc-config/node_modules/resolve-from 1759230593242
1991 verbose unfinished npm timer reifyNode:node_modules/@istanbuljs/load-nyc-config/node_modules/p-locate 1759230593242
1992 verbose unfinished npm timer reifyNode:node_modules/@istanbuljs/load-nyc-config/node_modules/p-limit 1759230593242
1993 verbose unfinished npm timer reifyNode:node_modules/@istanbuljs/load-nyc-config/node_modules/locate-path 1759230593242
1994 verbose unfinished npm timer reifyNode:node_modules/@istanbuljs/load-nyc-config/node_modules/js-yaml 1759230593242
1995 verbose unfinished npm timer reifyNode:node_modules/@istanbuljs/load-nyc-config/node_modules/find-up 1759230593242
1996 verbose unfinished npm timer reifyNode:node_modules/@isaacs/cliui 1759230593242
1997 verbose unfinished npm timer reifyNode:node_modules/@humanwhocodes/object-schema 1759230593242
1998 verbose unfinished npm timer reifyNode:node_modules/@humanwhocodes/module-importer 1759230593242
1999 verbose unfinished npm timer reifyNode:node_modules/@humanwhocodes/config-array 1759230593242
2000 verbose unfinished npm timer reifyNode:node_modules/@humanwhocodes/config-array/node_modules/minimatch 1759230593242
2001 verbose unfinished npm timer reifyNode:node_modules/@humanwhocodes/config-array/node_modules/brace-expansion 1759230593242
2002 verbose unfinished npm timer reifyNode:node_modules/@hookform/resolvers 1759230593242
2003 verbose unfinished npm timer reifyNode:node_modules/@floating-ui/utils 1759230593242
2004 verbose unfinished npm timer reifyNode:node_modules/@floating-ui/react-dom 1759230593242
2005 verbose unfinished npm timer reifyNode:node_modules/@floating-ui/dom 1759230593242
2006 verbose unfinished npm timer reifyNode:node_modules/@floating-ui/core 1759230593242
2007 verbose unfinished npm timer reifyNode:node_modules/@eslint/js 1759230593242
2008 verbose unfinished npm timer reifyNode:node_modules/@eslint/eslintrc 1759230593242
2009 verbose unfinished npm timer reifyNode:node_modules/@eslint/eslintrc/node_modules/minimatch 1759230593242
2010 verbose unfinished npm timer reifyNode:node_modules/@eslint/eslintrc/node_modules/brace-expansion 1759230593242
2011 verbose unfinished npm timer reifyNode:node_modules/@eslint-community/regexpp 1759230593242
2012 verbose unfinished npm timer reifyNode:node_modules/@eslint-community/eslint-utils 1759230593242
2013 verbose unfinished npm timer reifyNode:node_modules/@emnapi/wasi-threads 1759230593242
2014 verbose unfinished npm timer reifyNode:node_modules/@emnapi/runtime 1759230593242
2015 verbose unfinished npm timer reifyNode:node_modules/@emnapi/core 1759230593242
2016 verbose unfinished npm timer reifyNode:node_modules/@csstools/css-tokenizer 1759230593242
2017 verbose unfinished npm timer reifyNode:node_modules/@csstools/css-parser-algorithms 1759230593242
2018 verbose unfinished npm timer reifyNode:node_modules/@csstools/css-color-parser 1759230593242
2019 verbose unfinished npm timer reifyNode:node_modules/@csstools/css-calc 1759230593242
2020 verbose unfinished npm timer reifyNode:node_modules/@csstools/color-helpers 1759230593242
2021 verbose unfinished npm timer reifyNode:node_modules/@bcoe/v8-coverage 1759230593242
2022 verbose unfinished npm timer reifyNode:node_modules/@babel/types 1759230593243
2023 verbose unfinished npm timer reifyNode:node_modules/@babel/traverse 1759230593243
2024 verbose unfinished npm timer reifyNode:node_modules/@babel/template 1759230593243
2025 verbose unfinished npm timer reifyNode:node_modules/@babel/runtime 1759230593243
2026 verbose unfinished npm timer reifyNode:node_modules/@babel/plugin-syntax-typescript 1759230593243
2027 verbose unfinished npm timer reifyNode:node_modules/@babel/plugin-syntax-top-level-await 1759230593243
2028 verbose unfinished npm timer reifyNode:node_modules/@babel/plugin-syntax-private-property-in-object 1759230593243
2029 verbose unfinished npm timer reifyNode:node_modules/@babel/plugin-syntax-optional-chaining 1759230593243
2030 verbose unfinished npm timer reifyNode:node_modules/@babel/plugin-syntax-optional-catch-binding 1759230593243
2031 verbose unfinished npm timer reifyNode:node_modules/@babel/plugin-syntax-object-rest-spread 1759230593243
2032 verbose unfinished npm timer reifyNode:node_modules/@babel/plugin-syntax-numeric-separator 1759230593243
2033 verbose unfinished npm timer reifyNode:node_modules/@babel/plugin-syntax-nullish-coalescing-operator 1759230593243
2034 verbose unfinished npm timer reifyNode:node_modules/@babel/plugin-syntax-logical-assignment-operators 1759230593243
2035 verbose unfinished npm timer reifyNode:node_modules/@babel/plugin-syntax-jsx 1759230593243
2036 verbose unfinished npm timer reifyNode:node_modules/@babel/plugin-syntax-json-strings 1759230593243
2037 verbose unfinished npm timer reifyNode:node_modules/@babel/plugin-syntax-import-meta 1759230593243
2038 verbose unfinished npm timer reifyNode:node_modules/@babel/plugin-syntax-import-attributes 1759230593243
2039 verbose unfinished npm timer reifyNode:node_modules/@babel/plugin-syntax-class-static-block 1759230593243
2040 verbose unfinished npm timer reifyNode:node_modules/@babel/plugin-syntax-class-properties 1759230593243
2041 verbose unfinished npm timer reifyNode:node_modules/@babel/plugin-syntax-bigint 1759230593243
2042 verbose unfinished npm timer reifyNode:node_modules/@babel/plugin-syntax-async-generators 1759230593243
2043 verbose unfinished npm timer reifyNode:node_modules/@babel/parser 1759230593243
2044 verbose unfinished npm timer reifyNode:node_modules/@babel/helpers 1759230593243
2045 verbose unfinished npm timer reifyNode:node_modules/@babel/helper-validator-option 1759230593251
2046 verbose unfinished npm timer reifyNode:node_modules/@babel/helper-validator-identifier 1759230593251
2047 verbose unfinished npm timer reifyNode:node_modules/@babel/helper-string-parser 1759230593252
2048 verbose unfinished npm timer reifyNode:node_modules/@babel/helper-plugin-utils 1759230593252
2049 verbose unfinished npm timer reifyNode:node_modules/@babel/helper-module-transforms 1759230593252
2050 verbose unfinished npm timer reifyNode:node_modules/@babel/helper-module-imports 1759230593252
2051 verbose unfinished npm timer reifyNode:node_modules/@babel/helper-globals 1759230593252
2052 verbose unfinished npm timer reifyNode:node_modules/@babel/helper-compilation-targets 1759230593252
2053 verbose unfinished npm timer reifyNode:node_modules/@babel/helper-compilation-targets/node_modules/yallist 1759230593252
2054 verbose unfinished npm timer reifyNode:node_modules/@babel/helper-compilation-targets/node_modules/semver 1759230593252
2055 verbose unfinished npm timer reifyNode:node_modules/@babel/helper-compilation-targets/node_modules/lru-cache 1759230593252
2056 verbose unfinished npm timer reifyNode:node_modules/@babel/generator 1759230593252
2057 verbose unfinished npm timer reifyNode:node_modules/@babel/core 1759230593252
2058 verbose unfinished npm timer reifyNode:node_modules/@babel/core/node_modules/semver 1759230593252
2059 verbose unfinished npm timer reifyNode:node_modules/@babel/core/node_modules/json5 1759230593252
2060 verbose unfinished npm timer reifyNode:node_modules/@babel/compat-data 1759230593252
2061 verbose unfinished npm timer reifyNode:node_modules/@babel/code-frame 1759230593252
2062 verbose unfinished npm timer reifyNode:node_modules/@asamuzakjp/css-color 1759230593252
2063 verbose unfinished npm timer reifyNode:node_modules/@alloc/quick-lru 1759230593252
2064 verbose unfinished npm timer reifyNode:node_modules/@adobe/css-tools 1759230593252
2065 verbose code 1
2066 error A complete log of this run can be found in:
2066 error     /home/aremzy03/Document/cursor_projects/incel_apps/incel_esign_app/incel-e-sign-web-app-front-end/.npm-cache/_logs/2025-09-30T11_09_51_373Z-debug-0.log
